date_time,load
2025-03-01 00:00:00,11432.4315104167
2025-03-01 00:15:00,11842.0113932292
2025-03-01 00:30:00,11806.7923828125
2025-03-01 00:45:00,11722.3348307292
2025-03-01 01:00:00,11472.6574869792
2025-03-01 01:15:00,11317.0954427083
2025-03-01 01:30:00,11185.1041666667
2025-03-01 01:45:00,11037.9139322917
2025-03-01 02:00:00,10881.9955729167
2025-03-01 02:15:00,10992.9158203125
2025-03-01 02:30:00,10941.1406901042
2025-03-01 02:45:00,10841.2723958333
2025-03-01 03:00:00,10654.2969401042
2025-03-01 03:15:00,11010.851953125
2025-03-01 03:30:00,11076.2053385417
2025-03-01 03:45:00,11131.7294270833
2025-03-01 04:00:00,11413.2323567708
2025-03-01 04:15:00,11749.8149088542
2025-03-01 04:30:00,11865.8760416667
2025-03-01 04:45:00,11994.1152994792
2025-03-01 05:00:00,12026.866796875
2025-03-01 05:15:00,12222.333203125
2025-03-01 05:30:00,12503.054296875
2025-03-01 05:45:00,12817.1102864583
2025-03-01 06:00:00,12415.4371744792
2025-03-01 06:15:00,12936.7525390625
2025-03-01 06:30:00,13449.4961588542
2025-03-01 06:45:00,14025.2625651042
2025-03-01 07:00:00,14595.1492838542
2025-03-01 07:15:00,14923.5304036458
2025-03-01 07:30:00,15200.1223307292
2025-03-01 07:45:00,15267.3516276042
2025-03-01 08:00:00,15419.5682291667
2025-03-01 08:15:00,15622.2294270833
2025-03-01 08:30:00,16039.6528645833
2025-03-01 08:45:00,16350.2604817708
2025-03-01 09:00:00,16987.33515625
2025-03-01 09:15:00,17571.6984375
2025-03-01 09:30:00,17789.7736979167
2025-03-01 09:45:00,17928.835546875
2025-03-01 10:00:00,17703.1205729167
2025-03-01 10:15:00,17807.944921875
2025-03-01 10:30:00,18006.5408854167
2025-03-01 10:45:00,17897.0305989583
2025-03-01 11:00:00,17575.3033854167
2025-03-01 11:15:00,17656.9151041667
2025-03-01 11:30:00,17695.609765625
2025-03-01 11:45:00,17752.3634114583
2025-03-01 12:00:00,17297.9877135417
2025-03-01 12:15:00,17505.4688802083
2025-03-01 12:30:00,17599.2752604167
2025-03-01 12:45:00,17626.7552083333
2025-03-01 13:00:00,17437.7325520833
2025-03-01 13:15:00,17315.6424479167
2025-03-01 13:30:00,17240.572265625
2025-03-01 13:45:00,17237.2877604167
2025-03-01 14:00:00,17046.6994791667
2025-03-01 14:15:00,17231.0002604167
2025-03-01 14:30:00,17181.7856770833
2025-03-01 14:45:00,17206.2768229167
2025-03-01 15:00:00,17180.1
2025-03-01 15:15:00,17326.46484375
2025-03-01 15:30:00,17250.3600260417
2025-03-01 15:45:00,17134.7307291667
2025-03-01 16:00:00,16326.4229166667
2025-03-01 16:15:00,15973.9184244792
2025-03-01 16:30:00,15658.76328125
2025-03-01 16:45:00,15199.1123697917
2025-03-01 17:00:00,14515.35
2025-03-01 17:15:00,14282.0412760417
2025-03-01 17:30:00,14159.6700520833
2025-03-01 17:45:00,14030.8895833333
2025-03-01 18:00:00,12277.38828125
2025-03-01 18:15:00,11591.7083984375
2025-03-01 18:30:00,11732.2149088542
2025-03-01 18:45:00,11862.9068359375
2025-03-01 19:00:00,11723.7474609375
2025-03-01 19:15:00,11605.7149088542
2025-03-01 19:30:00,11462.3513671875
2025-03-01 19:45:00,11400.1796875
2025-03-01 20:00:00,11358.0481770833
2025-03-01 20:15:00,11286.9577473958
2025-03-01 20:30:00,11055.8139322917
2025-03-01 20:45:00,10878.1268880208
2025-03-01 21:00:00,11479.5704427083
2025-03-01 21:15:00,11829.1305989583
2025-03-01 21:30:00,11737.0123046875
2025-03-01 21:45:00,11523.7396484375
2025-03-01 22:00:00,12133.5322265625
2025-03-01 22:15:00,12553.6134114583
2025-03-01 22:30:00,12393.5420572917
2025-03-01 22:45:00,12167.9149088542
2025-03-01 23:00:00,12146.1057942708
2025-03-01 23:15:00,12053.14375
2025-03-01 23:30:00,11889.6774088542
2025-03-01 23:45:00,11731.084765625
2025-03-02 00:00:00,11616.4542154948
2025-03-02 00:15:00,12109.4459716797
2025-03-02 00:30:00,12023.7837320964
2025-03-02 00:45:00,11981.0875976563
2025-03-02 01:00:00,11796.2942382813
2025-03-02 01:15:00,11574.8651774089
2025-03-02 01:30:00,11475.988663737
2025-03-02 01:45:00,11420.598811849
2025-03-02 02:00:00,11226.8941162109
2025-03-02 02:15:00,11316.5842447917
2025-03-02 02:30:00,11239.2426513672
2025-03-02 02:45:00,11177.4401692708
2025-03-02 03:00:00,11160.2237141927
2025-03-02 03:15:00,11228.4008870443
2025-03-02 03:30:00,11294.4235351563
2025-03-02 03:45:00,11347.2470947266
2025-03-02 04:00:00,11663.4823811849
2025-03-02 04:15:00,12064.6705322266
2025-03-02 04:30:00,12131.5059244792
2025-03-02 04:45:00,12168.3041829427
2025-03-02 05:00:00,12213.3631022135
2025-03-02 05:15:00,12332.8376627604
2025-03-02 05:30:00,12471.4760904948
2025-03-02 05:45:00,12629.3340250651
2025-03-02 06:00:00,12154.4091145833
2025-03-02 06:15:00,12377.5329101563
2025-03-02 06:30:00,12816.6938395182
2025-03-02 06:45:00,13175.6981038412
2025-03-02 07:00:00,13497.0094726562
2025-03-02 07:15:00,13962.4191162109
2025-03-02 07:30:00,14173.2349609375
2025-03-02 07:45:00,14308.73984375
2025-03-02 08:00:00,14453.1306803385
2025-03-02 08:15:00,14780.7616373698
2025-03-02 08:30:00,15017.1704833984
2025-03-02 08:45:00,15277.935139974
2025-03-02 09:00:00,15851.4594563802
2025-03-02 09:15:00,16512.0219075521
2025-03-02 09:30:00,16657.5806152344
2025-03-02 09:45:00,16666.1830403646
2025-03-02 10:00:00,16471.5646240234
2025-03-02 10:15:00,16548.5235595703
2025-03-02 10:30:00,16627.6787434896
2025-03-02 10:45:00,16647.4509440104
2025-03-02 11:00:00,16285.8956298828
2025-03-02 11:15:00,16314.1147867839
2025-03-02 11:30:00,16374.6897135417
2025-03-02 11:45:00,16501.0343912761
2025-03-02 12:00:00,16079.8735921224
2025-03-02 12:15:00,16172.9801269531
2025-03-02 12:30:00,16222.0591878255
2025-03-02 12:45:00,16251.1678548177
2025-03-02 13:00:00,16106.6576253255
2025-03-02 13:15:00,16033.1209716797
2025-03-02 13:30:00,16148.7219482422
2025-03-02 13:45:00,16076.6316650391
2025-03-02 14:00:00,15843.0831624349
2025-03-02 14:15:00,15781.0432861328
2025-03-02 14:30:00,15790.0905680339
2025-03-02 14:45:00,15805.0342610677
2025-03-02 15:00:00,15717.4639973958
2025-03-02 15:15:00,15798.5877929688
2025-03-02 15:30:00,15862.3454101563
2025-03-02 15:45:00,15678.3380940755
2025-03-02 16:00:00,15222.8201497396
2025-03-02 16:15:00,14778.5446940104
2025-03-02 16:30:00,14370.8883219401
2025-03-02 16:45:00,13824.1831298828
2025-03-02 17:00:00,13442.8730143229
2025-03-02 17:15:00,13176.8955729167
2025-03-02 17:30:00,13111.4293457031
2025-03-02 17:45:00,13001.5601969401
2025-03-02 18:00:00,11655.0180094401
2025-03-02 18:15:00,10457.3406575521
2025-03-02 18:30:00,10557.4795735677
2025-03-02 18:45:00,10813.3690836588
2025-03-02 19:00:00,10892.675398763
2025-03-02 19:15:00,10827.4651611328
2025-03-02 19:30:00,10727.7166422526
2025-03-02 19:45:00,10748.9161946615
2025-03-02 20:00:00,10800.7692382813
2025-03-02 20:15:00,10725.3457926432
2025-03-02 20:30:00,10584.0759440104
2025-03-02 20:45:00,10499.0186442057
2025-03-02 21:00:00,10731.0994547526
2025-03-02 21:15:00,11269.2382975261
2025-03-02 21:30:00,11218.5802897135
2025-03-02 21:45:00,11074.0420654297
2025-03-02 22:00:00,11459.7384602865
2025-03-02 22:15:00,12106.4702311198
2025-03-02 22:30:00,11984.8708984375
2025-03-02 22:45:00,11784.2212972005
2025-03-02 23:00:00,11759.82890625
2025-03-02 23:15:00,11632.8413004558
2025-03-02 23:30:00,11494.575764974
2025-03-02 23:45:00,11370.2693929037
2025-03-03 00:00:00,11381.5302001953
2025-03-03 00:15:00,11883.8445800781
2025-03-03 00:30:00,11798.9755452474
2025-03-03 00:45:00,11697.4520263672
2025-03-03 01:00:00,11459.7140950521
2025-03-03 01:15:00,11256.8662679037
2025-03-03 01:30:00,11151.7116536458
2025-03-03 01:45:00,11110.7359863281
2025-03-03 02:00:00,10925.7508138021
2025-03-03 02:15:00,11056.4854736328
2025-03-03 02:30:00,11013.5212809245
2025-03-03 02:45:00,11003.7596191406
2025-03-03 03:00:00,10750.1474609375
2025-03-03 03:15:00,11140.7519042969
2025-03-03 03:30:00,11235.4644938151
2025-03-03 03:45:00,11272.4844970703
2025-03-03 04:00:00,11601.5139241537
2025-03-03 04:15:00,11964.4368652344
2025-03-03 04:30:00,11918.9896240235
2025-03-03 04:45:00,11969.0313883464
2025-03-03 05:00:00,12054.3246500651
2025-03-03 05:15:00,12232.1630371094
2025-03-03 05:30:00,12447.6105957031
2025-03-03 05:45:00,12665.4948974609
2025-03-03 06:00:00,12470.9027750651
2025-03-03 06:15:00,12889.4687906901
2025-03-03 06:30:00,13421.3626708984
2025-03-03 06:45:00,13987.6796061198
2025-03-03 07:00:00,14601.8971598307
2025-03-03 07:15:00,15170.0930745443
2025-03-03 07:30:00,15411.9906494141
2025-03-03 07:45:00,15538.6154866537
2025-03-03 08:00:00,15573.0393961589
2025-03-03 08:15:00,15730.0397867839
2025-03-03 08:30:00,15995.8511230469
2025-03-03 08:45:00,16370.2939615885
2025-03-03 09:00:00,16910.9986653646
2025-03-03 09:15:00,17840.8097819011
2025-03-03 09:30:00,17950.8075032552
2025-03-03 09:45:00,18190.5861490885
2025-03-03 10:00:00,18014.0322916667
2025-03-03 10:15:00,18000.2845703125
2025-03-03 10:30:00,18032.0795410156
2025-03-03 10:45:00,17931.0469563802
2025-03-03 11:00:00,17721.9641601563
2025-03-03 11:15:00,17907.3038736979
2025-03-03 11:30:00,17984.2698242188
2025-03-03 11:45:00,17949.7655436198
2025-03-03 12:00:00,17754.1635904948
2025-03-03 12:15:00,17863.4975260417
2025-03-03 12:30:00,17757.0599934896
2025-03-03 12:45:00,17564.9545084635
2025-03-03 13:00:00,17489.9814615885
2025-03-03 13:15:00,17189.7395507813
2025-03-03 13:30:00,17065.4365397135
2025-03-03 13:45:00,17046.195686849
2025-03-03 14:00:00,16907.4568522136
2025-03-03 14:15:00,16935.3756998698
2025-03-03 14:30:00,17050.8447102865
2025-03-03 14:45:00,17130.1693196615
2025-03-03 15:00:00,17164.1944986979
2025-03-03 15:15:00,17136.5428059896
2025-03-03 15:30:00,17157.5650065104
2025-03-03 15:45:00,16854.7007161458
2025-03-03 16:00:00,16481.3420084635
2025-03-03 16:15:00,16109.0537109375
2025-03-03 16:30:00,15909.1475260417
2025-03-03 16:45:00,15532.7559814453
2025-03-03 17:00:00,15151.6696044922
2025-03-03 17:15:00,14758.7140787761
2025-03-03 17:30:00,14663.7785725912
2025-03-03 17:45:00,14514.4318440755
2025-03-03 18:00:00,13644.428141276
2025-03-03 18:15:00,11905.2926595052
2025-03-03 18:30:00,11917.7786376953
2025-03-03 18:45:00,12053.4967203776
2025-03-03 19:00:00,12001.9321451823
2025-03-03 19:15:00,11879.6116943359
2025-03-03 19:30:00,11832.9691650391
2025-03-03 19:45:00,11861.3363769531
2025-03-03 20:00:00,11807.3145507813
2025-03-03 20:15:00,11706.3653157552
2025-03-03 20:30:00,11541.4776367188
2025-03-03 20:45:00,11396.6721110026
2025-03-03 21:00:00,11674.3594807943
2025-03-03 21:15:00,12204.2563232422
2025-03-03 21:30:00,12169.1370768229
2025-03-03 21:45:00,12018.4293212891
2025-03-03 22:00:00,12220.69609375
2025-03-03 22:15:00,12825.3537516276
2025-03-03 22:30:00,12776.5199462891
2025-03-03 22:45:00,12633.2381591797
2025-03-03 23:00:00,12578.3520019531
2025-03-03 23:15:00,12494.9255940755
2025-03-03 23:30:00,12382.2487386068
2025-03-03 23:45:00,12222.9680094401
2025-03-04 00:00:00,12027.6864908854
2025-03-04 00:15:00,12447.4697753906
2025-03-04 00:30:00,12334.410139974
2025-03-04 00:45:00,12293.7467610677
2025-03-04 01:00:00,12082.8259358724
2025-03-04 01:15:00,11856.7207519531
2025-03-04 01:30:00,11739.7930419922
2025-03-04 01:45:00,11602.3088948568
2025-03-04 02:00:00,11443.0435791016
2025-03-04 02:15:00,11537.2316569011
2025-03-04 02:30:00,11494.5256429037
2025-03-04 02:45:00,11481.3704671224
2025-03-04 03:00:00,11288.3573974609
2025-03-04 03:15:00,11714.6555989583
2025-03-04 03:30:00,11809.3276367188
2025-03-04 03:45:00,11864.1619222005
2025-03-04 04:00:00,12129.4401448568
2025-03-04 04:15:00,12421.5685384115
2025-03-04 04:30:00,12460.7868652344
2025-03-04 04:45:00,12513.228922526
2025-03-04 05:00:00,12642.6645019531
2025-03-04 05:15:00,12820.606640625
2025-03-04 05:30:00,13047.7090901693
2025-03-04 05:45:00,13254.6086832682
2025-03-04 06:00:00,12894.0340087891
2025-03-04 06:15:00,13292.9271565755
2025-03-04 06:30:00,13898.0191162109
2025-03-04 06:45:00,14466.654671224
2025-03-04 07:00:00,15048.7358968099
2025-03-04 07:15:00,15478.2116536458
2025-03-04 07:30:00,15732.2843343099
2025-03-04 07:45:00,15819.4050944011
2025-03-04 08:00:00,15785.2336425781
2025-03-04 08:15:00,15945.9424397787
2025-03-04 08:30:00,16244.8510498047
2025-03-04 08:45:00,16658.240234375
2025-03-04 09:00:00,17208.4944173177
2025-03-04 09:15:00,17830.5746744792
2025-03-04 09:30:00,18189.193766276
2025-03-04 09:45:00,18347.6902994792
2025-03-04 10:00:00,18204.4288411458
2025-03-04 10:15:00,18167.9108886719
2025-03-04 10:30:00,18268.7370605469
2025-03-04 10:45:00,18306.6482259115
2025-03-04 11:00:00,17913.4212076823
2025-03-04 11:15:00,17916.2778645834
2025-03-04 11:30:00,17852.0612304688
2025-03-04 11:45:00,17744.4380533854
2025-03-04 12:00:00,17437.2671061198
2025-03-04 12:15:00,17469.7858235677
2025-03-04 12:30:00,17448.2447265625
2025-03-04 12:45:00,17543.053108724
2025-03-04 13:00:00,17425.3851074219
2025-03-04 13:15:00,17162.3371907552
2025-03-04 13:30:00,16999.3260904948
2025-03-04 13:45:00,16967.6649414062
2025-03-04 14:00:00,16723.9927408854
2025-03-04 14:15:00,16666.2617350261
2025-03-04 14:30:00,16833.1483723958
2025-03-04 14:45:00,16984.8763346354
2025-03-04 15:00:00,17002.9918619792
2025-03-04 15:15:00,17002.831233724
2025-03-04 15:30:00,17017.2115397136
2025-03-04 15:45:00,16762.885139974
2025-03-04 16:00:00,16413.2599690755
2025-03-04 16:15:00,16063.6896214193
2025-03-04 16:30:00,15887.0081774089
2025-03-04 16:45:00,15560.5695719401
2025-03-04 17:00:00,15213.1577636719
2025-03-04 17:15:00,14896.7887695313
2025-03-04 17:30:00,14744.4868733724
2025-03-04 17:45:00,14572.5338378906
2025-03-04 18:00:00,13123.5301920573
2025-03-04 18:15:00,12164.9776692708
2025-03-04 18:30:00,12242.4477376302
2025-03-04 18:45:00,12418.1545410156
2025-03-04 19:00:00,12474.2826009115
2025-03-04 19:15:00,12410.0469238281
2025-03-04 19:30:00,12352.0216715495
2025-03-04 19:45:00,12319.9040445964
2025-03-04 20:00:00,12218.4525065104
2025-03-04 20:15:00,12033.8949462891
2025-03-04 20:30:00,11869.9334716797
2025-03-04 20:45:00,11728.5732503255
2025-03-04 21:00:00,11986.3519775391
2025-03-04 21:15:00,12545.3215494792
2025-03-04 21:30:00,12453.1026204427
2025-03-04 21:45:00,12221.3873209635
2025-03-04 22:00:00,12421.1551432292
2025-03-04 22:15:00,13076.5215576172
2025-03-04 22:30:00,12950.3331298828
2025-03-04 22:45:00,12759.9685139974
2025-03-04 23:00:00,12671.7408121745
2025-03-04 23:15:00,12591.1928792318
2025-03-04 23:30:00,12476.2858479818
2025-03-04 23:45:00,12331.2384195964
2025-03-05 00:00:00,12185.9893066406
2025-03-05 00:15:00,12606.8809407552
2025-03-05 00:30:00,12539.7649576823
2025-03-05 00:45:00,12475.6251139323
2025-03-05 01:00:00,12213.6745686849
2025-03-05 01:15:00,11967.5916666667
2025-03-05 01:30:00,11809.3598144531
2025-03-05 01:45:00,11734.68203125
2025-03-05 02:00:00,11541.2301025391
2025-03-05 02:15:00,11683.376155599
2025-03-05 02:30:00,11667.2237141927
2025-03-05 02:45:00,11649.1680582682
2025-03-05 03:00:00,11352.1468994141
2025-03-05 03:15:00,11765.7643147787
2025-03-05 03:30:00,11824.541796875
2025-03-05 03:45:00,11826.5975585938
2025-03-05 04:00:00,12084.2942871094
2025-03-05 04:15:00,12455.7157552083
2025-03-05 04:30:00,12557.3458496094
2025-03-05 04:45:00,12640.9170817057
2025-03-05 05:00:00,12714.4649983724
2025-03-05 05:15:00,12858.039835612
2025-03-05 05:30:00,13073.7533691406
2025-03-05 05:45:00,13280.5074381511
2025-03-05 06:00:00,13030.4569986979
2025-03-05 06:15:00,13446.7329264323
2025-03-05 06:30:00,14128.1107177735
2025-03-05 06:45:00,14741.1202148438
2025-03-05 07:00:00,15269.7669759115
2025-03-05 07:15:00,15634.1920654297
2025-03-05 07:30:00,15914.1354736328
2025-03-05 07:45:00,15937.3969319662
2025-03-05 08:00:00,15999.8619873047
2025-03-05 08:15:00,16172.2098063151
2025-03-05 08:30:00,16436.1605061849
2025-03-05 08:45:00,16740.634749349
2025-03-05 09:00:00,17169.9986328125
2025-03-05 09:15:00,17794.3470052083
2025-03-05 09:30:00,17785.2671549479
2025-03-05 09:45:00,18055.0996582031
2025-03-05 10:00:00,17976.1250976563
2025-03-05 10:15:00,17985.6611653646
2025-03-05 10:30:00,18146.4768066406
2025-03-05 10:45:00,18181.9695963542
2025-03-05 11:00:00,17914.7978352865
2025-03-05 11:15:00,17971.0047200521
2025-03-05 11:30:00,18000.7131022135
2025-03-05 11:45:00,17822.367985026
2025-03-05 12:00:00,17656.8258300782
2025-03-05 12:15:00,17796.2632486979
2025-03-05 12:30:00,17889.7475585938
2025-03-05 12:45:00,17919.0820963542
2025-03-05 13:00:00,17857.2334798177
2025-03-05 13:15:00,17906.1600260417
2025-03-05 13:30:00,17659.2208821615
2025-03-05 13:45:00,17455.6372233073
2025-03-05 14:00:00,17351.4663574219
2025-03-05 14:15:00,17344.9909830729
2025-03-05 14:30:00,17246.2534179688
2025-03-05 14:45:00,17355.0304199219
2025-03-05 15:00:00,17319.7145996094
2025-03-05 15:15:00,17435.1653483073
2025-03-05 15:30:00,17476.5591145833
2025-03-05 15:45:00,17323.1983886719
2025-03-05 16:00:00,16995.93671875
2025-03-05 16:15:00,16736.4494140625
2025-03-05 16:30:00,16490.2981770834
2025-03-05 16:45:00,16032.1903401693
2025-03-05 17:00:00,15553.0772623698
2025-03-05 17:15:00,15144.4973470052
2025-03-05 17:30:00,14871.9534505208
2025-03-05 17:45:00,14669.6883626302
2025-03-05 18:00:00,13302.3794514974
2025-03-05 18:15:00,12223.0602945963
2025-03-05 18:30:00,12231.9170898438
2025-03-05 18:45:00,12372.2595377604
2025-03-05 19:00:00,12373.3950032552
2025-03-05 19:15:00,12285.2159830729
2025-03-05 19:30:00,12187.1525065104
2025-03-05 19:45:00,12162.166381836
2025-03-05 20:00:00,12121.2249593099
2025-03-05 20:15:00,11987.3677897135
2025-03-05 20:30:00,11877.2370524089
2025-03-05 20:45:00,11712.8384684245
2025-03-05 21:00:00,11982.8777750651
2025-03-05 21:15:00,12496.654695638
2025-03-05 21:30:00,12281.4010172526
2025-03-05 21:45:00,11975.8874023438
2025-03-05 22:00:00,12252.5306315104
2025-03-05 22:15:00,12844.5676757812
2025-03-05 22:30:00,12844.07265625
2025-03-05 22:45:00,12733.3779296875
2025-03-05 23:00:00,12687.4680826823
2025-03-05 23:15:00,12570.4783528646
2025-03-05 23:30:00,12472.2185628255
2025-03-05 23:45:00,12309.0446126302
2025-03-06 00:00:00,12188.9298746745
2025-03-06 00:15:00,12675.7245524089
2025-03-06 00:30:00,12594.5354492188
2025-03-06 00:45:00,12555.786702474
2025-03-06 01:00:00,12338.641015625
2025-03-06 01:15:00,12123.4571695964
2025-03-06 01:30:00,12002.1060058594
2025-03-06 01:45:00,11842.9721435547
2025-03-06 02:00:00,11624.2837320964
2025-03-06 02:15:00,11777.6127034505
2025-03-06 02:30:00,11750.668343099
2025-03-06 02:45:00,11687.7261962891
2025-03-06 03:00:00,11387.4915771485
2025-03-06 03:15:00,11839.6079996745
2025-03-06 03:30:00,11883.7546142578
2025-03-06 03:45:00,11918.7462646484
2025-03-06 04:00:00,12186.6604654948
2025-03-06 04:15:00,12586.0824462891
2025-03-06 04:30:00,12699.2358805339
2025-03-06 04:45:00,12719.7770833333
2025-03-06 05:00:00,12787.955867513
2025-03-06 05:15:00,12964.2048828125
2025-03-06 05:30:00,13150.0295084635
2025-03-06 05:45:00,13377.0711588542
2025-03-06 06:00:00,13009.883601888
2025-03-06 06:15:00,13539.3502929688
2025-03-06 06:30:00,14098.1180826823
2025-03-06 06:45:00,14638.7694091797
2025-03-06 07:00:00,15164.7201497396
2025-03-06 07:15:00,15592.2774658203
2025-03-06 07:30:00,15809.9420328776
2025-03-06 07:45:00,15925.1587727865
2025-03-06 08:00:00,15990.2376302083
2025-03-06 08:15:00,16186.6840738932
2025-03-06 08:30:00,16547.26171875
2025-03-06 08:45:00,16858.4277018229
2025-03-06 09:00:00,17209.4351236979
2025-03-06 09:15:00,17651.3707356771
2025-03-06 09:30:00,18011.7121744792
2025-03-06 09:45:00,18126.6993652344
2025-03-06 10:00:00,17935.2975097656
2025-03-06 10:15:00,17992.0338378906
2025-03-06 10:30:00,17988.8978027344
2025-03-06 10:45:00,18065.2294433594
2025-03-06 11:00:00,17835.9390299479
2025-03-06 11:15:00,17845.9798665365
2025-03-06 11:30:00,17929.6193684896
2025-03-06 11:45:00,17966.0638020833
2025-03-06 12:00:00,17737.3160319011
2025-03-06 12:15:00,17778.2128255208
2025-03-06 12:30:00,17742.1729980469
2025-03-06 12:45:00,17655.8661295573
2025-03-06 13:00:00,17508.9360839844
2025-03-06 13:15:00,17318.3301757813
2025-03-06 13:30:00,17185.7215657552
2025-03-06 13:45:00,17109.8702148438
2025-03-06 14:00:00,17067.6221679688
2025-03-06 14:15:00,17114.0005859375
2025-03-06 14:30:00,17179.8839518229
2025-03-06 14:45:00,17188.6239420573
2025-03-06 15:00:00,17044.79140625
2025-03-06 15:15:00,16991.2901855469
2025-03-06 15:30:00,17181.0826497396
2025-03-06 15:45:00,17096.7319498698
2025-03-06 16:00:00,16795.3487792969
2025-03-06 16:15:00,16485.0200195313
2025-03-06 16:30:00,16278.4939371745
2025-03-06 16:45:00,15876.6958007813
2025-03-06 17:00:00,15410.4375325521
2025-03-06 17:15:00,15077.9330485026
2025-03-06 17:30:00,14875.3374430339
2025-03-06 17:45:00,14627.8297526042
2025-03-06 18:00:00,13254.1417236328
2025-03-06 18:15:00,12169.8971110026
2025-03-06 18:30:00,12120.8205566406
2025-03-06 18:45:00,12420.2897542318
2025-03-06 19:00:00,12497.2515299479
2025-03-06 19:15:00,12480.3713216146
2025-03-06 19:30:00,12404.4690104167
2025-03-06 19:45:00,12415.3997884115
2025-03-06 20:00:00,12295.5746419271
2025-03-06 20:15:00,12095.621858724
2025-03-06 20:30:00,11890.6127604167
2025-03-06 20:45:00,11720.4943684896
2025-03-06 21:00:00,12072.7060628255
2025-03-06 21:15:00,12613.0521891276
2025-03-06 21:30:00,12537.2292561849
2025-03-06 21:45:00,12292.8404215495
2025-03-06 22:00:00,12573.3725097656
2025-03-06 22:15:00,13143.649210612
2025-03-06 22:30:00,12942.0594482422
2025-03-06 22:45:00,12777.7184000651
2025-03-06 23:00:00,12700.36171875
2025-03-06 23:15:00,12625.7368815104
2025-03-06 23:30:00,12523.1276204427
2025-03-06 23:45:00,12370.0310058594
2025-03-07 00:00:00,12410.1256510417
2025-03-07 00:15:00,12737.83046875
2025-03-07 00:30:00,12626.7518880208
2025-03-07 00:45:00,12524.3106770833
2025-03-07 01:00:00,12256.530078125
2025-03-07 01:15:00,12046.5022786458
2025-03-07 01:30:00,11938.5914713542
2025-03-07 01:45:00,11868.7996744792
2025-03-07 02:00:00,11678.8163411458
2025-03-07 02:15:00,11816.8977213542
2025-03-07 02:30:00,11788.00390625
2025-03-07 02:45:00,11699.4345703125
2025-03-07 03:00:00,11480.6524739583
2025-03-07 03:15:00,11956.3690104167
2025-03-07 03:30:00,11963.1163411458
2025-03-07 03:45:00,11983.1926432292
2025-03-07 04:00:00,12374.599609375
2025-03-07 04:15:00,12700.3815755208
2025-03-07 04:30:00,12699.4677083333
2025-03-07 04:45:00,12795.865625
2025-03-07 05:00:00,12850.3770182292
2025-03-07 05:15:00,13099.608203125
2025-03-07 05:30:00,13382.2982421875
2025-03-07 05:45:00,13559.3104166667
2025-03-07 06:00:00,13013.6802083333
2025-03-07 06:15:00,13665.3141927083
2025-03-07 06:30:00,14311.055859375
2025-03-07 06:45:00,14941.4423177083
2025-03-07 07:00:00,15475.0606770833
2025-03-07 07:15:00,15777.273828125
2025-03-07 07:30:00,15961.9005859375
2025-03-07 07:45:00,16036.1238932292
2025-03-07 08:00:00,16075.0336588542
2025-03-07 08:15:00,16297.03203125
2025-03-07 08:30:00,16733.6540364583
2025-03-07 08:45:00,17007.2348958333
2025-03-07 09:00:00,17460.5951822917
2025-03-07 09:15:00,17986.92578125
2025-03-07 09:30:00,18104.3647135417
2025-03-07 09:45:00,18231.6639322917
2025-03-07 10:00:00,18137.448828125
2025-03-07 10:15:00,18263.3356770833
2025-03-07 10:30:00,18314.3147135417
2025-03-07 10:45:00,18383.9079427083
2025-03-07 11:00:00,18129.7934895833
2025-03-07 11:15:00,18201.6848958333
2025-03-07 11:30:00,18059.6033854167
2025-03-07 11:45:00,18061.8930989583
2025-03-07 12:00:00,17763.3907552083
2025-03-07 12:15:00,18094.7092447917
2025-03-07 12:30:00,17948.9475260417
2025-03-07 12:45:00,17916.358203125
2025-03-07 13:00:00,17695.650390625
2025-03-07 13:15:00,17194.0731770833
2025-03-07 13:30:00,17146.90703125
2025-03-07 13:45:00,16805.0149739583
2025-03-07 14:00:00,16461.0914713542
2025-03-07 14:15:00,16786.8615885417
2025-03-07 14:30:00,17014.3674479167
2025-03-07 14:45:00,17124.6970052083
2025-03-07 15:00:00,17204.3186197917
2025-03-07 15:15:00,17429.0505208333
2025-03-07 15:30:00,17475.724609375
2025-03-07 15:45:00,17302.0559895833
2025-03-07 16:00:00,16980.4927083333
2025-03-07 16:15:00,16824.5309895833
2025-03-07 16:30:00,16483.4427734375
2025-03-07 16:45:00,16143.65859375
2025-03-07 17:00:00,15641.387109375
2025-03-07 17:15:00,15355.5671223958
2025-03-07 17:30:00,15050.0157552083
2025-03-07 17:45:00,14846.0227864583
2025-03-07 18:00:00,12816.0000651042
2025-03-07 18:15:00,12192.6089192708
2025-03-07 18:30:00,12259.3547526042
2025-03-07 18:45:00,12521.7867838542
2025-03-07 19:00:00,12408.3802734375
2025-03-07 19:15:00,12294.3722005208
2025-03-07 19:30:00,12172.870703125
2025-03-07 19:45:00,12212.3472005208
2025-03-07 20:00:00,12072.8759114583
2025-03-07 20:15:00,11993.6560546875
2025-03-07 20:30:00,11853.579296875
2025-03-07 20:45:00,11678.5647786458
2025-03-07 21:00:00,12171.9671223958
2025-03-07 21:15:00,12520.6125
2025-03-07 21:30:00,12382.3690755208
2025-03-07 21:45:00,12164.0125
2025-03-07 22:00:00,12739.3161458333
2025-03-07 22:15:00,13132.4786458333
2025-03-07 22:30:00,12958.0609375
2025-03-07 22:45:00,12726.2638671875
2025-03-07 23:00:00,12714.1172526042
2025-03-07 23:15:00,12637.2452473958
2025-03-07 23:30:00,12500.9579427083
2025-03-07 23:45:00,12377.271484375
2025-03-08 00:00:00,12459.4203776042
2025-03-08 00:15:00,12776.9587890625
2025-03-08 00:30:00,12677.9052083333
2025-03-08 00:45:00,12562.0079427083
2025-03-08 01:00:00,12207.5053385417
2025-03-08 01:15:00,11991.0749348958
2025-03-08 01:30:00,11893.2670572917
2025-03-08 01:45:00,11776.37421875
2025-03-08 02:00:00,11545.9511067708
2025-03-08 02:15:00,11780.2908203125
2025-03-08 02:30:00,11716.972265625
2025-03-08 02:45:00,11655.6009765625
2025-03-08 03:00:00,11355.1514973958
2025-03-08 03:15:00,11759.4080078125
2025-03-08 03:30:00,11774.5118489583
2025-03-08 03:45:00,11762.1171223958
2025-03-08 04:00:00,12191.7990234375
2025-03-08 04:15:00,12515.2659505208
2025-03-08 04:30:00,12609.2103515625
2025-03-08 04:45:00,12685.8932291667
2025-03-08 05:00:00,12826.7741536458
2025-03-08 05:15:00,12991.1985026042
2025-03-08 05:30:00,13180.5587239583
2025-03-08 05:45:00,13450.3146484375
2025-03-08 06:00:00,12871.1416015625
2025-03-08 06:15:00,13428.0325520833
2025-03-08 06:30:00,13860.3526041667
2025-03-08 06:45:00,14358.8432942708
2025-03-08 07:00:00,14789.4012369792
2025-03-08 07:15:00,14842.67734375
2025-03-08 07:30:00,15016.1336588542
2025-03-08 07:45:00,15134.0699869792
2025-03-08 08:00:00,15241.8341796875
2025-03-08 08:15:00,15414.2149739583
2025-03-08 08:30:00,15826.01015625
2025-03-08 08:45:00,16043.9315104167
2025-03-08 09:00:00,16573.31875
2025-03-08 09:15:00,17125.3623697917
2025-03-08 09:30:00,17340.7985677083
2025-03-08 09:45:00,17484.7748697917
2025-03-08 10:00:00,17242.3053385417
2025-03-08 10:15:00,17506.830859375
2025-03-08 10:30:00,17677.27890625
2025-03-08 10:45:00,17636.4419270833
2025-03-08 11:00:00,17225.4467447917
2025-03-08 11:15:00,16967.3342447917
2025-03-08 11:30:00,16978.1634114583
2025-03-08 11:45:00,17014.515625
2025-03-08 12:00:00,16905.8580729167
2025-03-08 12:15:00,17075.6763020833
2025-03-08 12:30:00,16898.829296875
2025-03-08 12:45:00,16942.2811197917
2025-03-08 13:00:00,16821.6319010417
2025-03-08 13:15:00,16867.330078125
2025-03-08 13:30:00,16760.9423177083
2025-03-08 13:45:00,16794.5151041667
2025-03-08 14:00:00,16603.8760416667
2025-03-08 14:15:00,16766.2055989583
2025-03-08 14:30:00,16969.4697916667
2025-03-08 14:45:00,17037.1505208333
2025-03-08 15:00:00,16998.3188802083
2025-03-08 15:15:00,17072.0037760417
2025-03-08 15:30:00,17252.75078125
2025-03-08 15:45:00,17048.6904947917
2025-03-08 16:00:00,16557.1987630208
2025-03-08 16:15:00,16349.1309244792
2025-03-08 16:30:00,15915.0719401042
2025-03-08 16:45:00,15542.4458984375
2025-03-08 17:00:00,15027.5826822917
2025-03-08 17:15:00,14502.2761067708
2025-03-08 17:30:00,14231.2560546875
2025-03-08 17:45:00,14140.001171875
2025-03-08 18:00:00,12325.0757161458
2025-03-08 18:15:00,11861.2815755208
2025-03-08 18:30:00,11981.420703125
2025-03-08 18:45:00,12108.2268229167
2025-03-08 19:00:00,12077.6638020833
2025-03-08 19:15:00,12112.5569010417
2025-03-08 19:30:00,12004.9942057292
2025-03-08 19:45:00,12024.1985026042
2025-03-08 20:00:00,11916.261328125
2025-03-08 20:15:00,11781.4793619792
2025-03-08 20:30:00,11679.9235026042
2025-03-08 20:45:00,11495.9280598958
2025-03-08 21:00:00,11977.2029296875
2025-03-08 21:15:00,12341.1720703125
2025-03-08 21:30:00,12214.2767578125
2025-03-08 21:45:00,12046.3294921875
2025-03-08 22:00:00,12547.9935546875
2025-03-08 22:15:00,13021.7457682292
2025-03-08 22:30:00,12901.0921223958
2025-03-08 22:45:00,12805.5821614583
2025-03-08 23:00:00,12898.6917317708
2025-03-08 23:15:00,12817.1235677083
2025-03-08 23:30:00,12724.0743489583
2025-03-08 23:45:00,12523.287890625
2025-03-09 00:00:00,12367.6449462891
2025-03-09 00:15:00,12852.1935709635
2025-03-09 00:30:00,12792.490209961
2025-03-09 00:45:00,12711.5714518229
2025-03-09 01:00:00,12459.3017985026
2025-03-09 01:15:00,12258.6295735677
2025-03-09 01:30:00,12102.935563151
2025-03-09 01:45:00,11955.4923014323
2025-03-09 02:00:00,11782.3365152995
2025-03-09 02:15:00,11887.5560221354
2025-03-09 02:30:00,11916.6033772787
2025-03-09 02:45:00,11849.8431396484
2025-03-09 03:00:00,11589.3658365885
2025-03-09 03:15:00,11971.6778971354
2025-03-09 03:30:00,11987.6726236979
2025-03-09 03:45:00,11995.6237060547
2025-03-09 04:00:00,12250.1499267578
2025-03-09 04:15:00,12643.9220947266
2025-03-09 04:30:00,12748.7996337891
2025-03-09 04:45:00,12752.3137044271
2025-03-09 05:00:00,12758.4097249349
2025-03-09 05:15:00,12890.1141845703
2025-03-09 05:30:00,13032.7569824219
2025-03-09 05:45:00,13188.8697998047
2025-03-09 06:00:00,12597.1237630208
2025-03-09 06:15:00,12937.6530192057
2025-03-09 06:30:00,13359.2236002604
2025-03-09 06:45:00,13699.1178304037
2025-03-09 07:00:00,13955.4869873047
2025-03-09 07:15:00,14250.9587076823
2025-03-09 07:30:00,14346.440625
2025-03-09 07:45:00,14471.0844889323
2025-03-09 08:00:00,14528.9611979167
2025-03-09 08:15:00,14803.0479003906
2025-03-09 08:30:00,15189.0912679037
2025-03-09 08:45:00,15615.2810058594
2025-03-09 09:00:00,15908.3795817057
2025-03-09 09:15:00,16494.7370442708
2025-03-09 09:30:00,16698.6278808594
2025-03-09 09:45:00,16731.6825683594
2025-03-09 10:00:00,16589.8750162761
2025-03-09 10:15:00,16772.2653808594
2025-03-09 10:30:00,16792.7329589844
2025-03-09 10:45:00,17013.3863606771
2025-03-09 11:00:00,16731.5160319011
2025-03-09 11:15:00,16638.3101074219
2025-03-09 11:30:00,16783.1855957032
2025-03-09 11:45:00,16768.0754882813
2025-03-09 12:00:00,16507.7343017578
2025-03-09 12:15:00,16576.304663086
2025-03-09 12:30:00,16676.1490559896
2025-03-09 12:45:00,16694.6653157552
2025-03-09 13:00:00,16588.834765625
2025-03-09 13:15:00,16446.0495442709
2025-03-09 13:30:00,16322.3968180339
2025-03-09 13:45:00,16196.6125732422
2025-03-09 14:00:00,16028.6931803386
2025-03-09 14:15:00,15844.2351969401
2025-03-09 14:30:00,15906.9771402995
2025-03-09 14:45:00,15962.8908121745
2025-03-09 15:00:00,15953.2114501953
2025-03-09 15:15:00,16005.046468099
2025-03-09 15:30:00,16062.2660400391
2025-03-09 15:45:00,15965.5817626953
2025-03-09 16:00:00,15683.2840657552
2025-03-09 16:15:00,15328.4739257813
2025-03-09 16:30:00,14951.1818603516
2025-03-09 16:45:00,14610.5934082031
2025-03-09 17:00:00,14137.6017985026
2025-03-09 17:15:00,13675.2416585287
2025-03-09 17:30:00,13457.6878662109
2025-03-09 17:45:00,13275.8713948568
2025-03-09 18:00:00,11768.7436523438
2025-03-09 18:15:00,10784.5514892578
2025-03-09 18:30:00,10853.3572509766
2025-03-09 18:45:00,11050.3198079427
2025-03-09 19:00:00,11133.7673339844
2025-03-09 19:15:00,11037.6040690104
2025-03-09 19:30:00,10866.7791992188
2025-03-09 19:45:00,10869.6291666667
2025-03-09 20:00:00,10878.6888671875
2025-03-09 20:15:00,10801.5732259115
2025-03-09 20:30:00,10652.9150227865
2025-03-09 20:45:00,10411.5108968099
2025-03-09 21:00:00,10691.1156575521
2025-03-09 21:15:00,11194.2606201172
2025-03-09 21:30:00,11173.0421549479
2025-03-09 21:45:00,11055.8318929037
2025-03-09 22:00:00,11372.4893310547
2025-03-09 22:15:00,12030.6002766927
2025-03-09 22:30:00,11944.1788330078
2025-03-09 22:45:00,11725.7219156901
2025-03-09 23:00:00,11653.49609375
2025-03-09 23:15:00,11503.9716308594
2025-03-09 23:30:00,11304.1878662109
2025-03-09 23:45:00,11165.6487955729
2025-03-10 00:00:00,11144.2384033203
2025-03-10 00:15:00,11621.4985839844
2025-03-10 00:30:00,11580.5576334635
2025-03-10 00:45:00,11442.3143798828
2025-03-10 01:00:00,11204.4815429688
2025-03-10 01:15:00,11020.8884602865
2025-03-10 01:30:00,10936.9910970052
2025-03-10 01:45:00,10858.1878580729
2025-03-10 02:00:00,10711.0173095703
2025-03-10 02:15:00,10844.8013020833
2025-03-10 02:30:00,10883.3451985677
2025-03-10 02:45:00,10923.9579020182
2025-03-10 03:00:00,10921.1648844401
2025-03-10 03:15:00,11074.0202148438
2025-03-10 03:30:00,11169.6746744792
2025-03-10 03:45:00,11185.7665364583
2025-03-10 04:00:00,11424.0159423828
2025-03-10 04:15:00,11858.7720214844
2025-03-10 04:30:00,11947.8973307292
2025-03-10 04:45:00,12033.7471191406
2025-03-10 05:00:00,12115.2888834635
2025-03-10 05:15:00,12300.5987874349
2025-03-10 05:30:00,12567.105476888
2025-03-10 05:45:00,12787.4186604818
2025-03-10 06:00:00,12809.5395426432
2025-03-10 06:15:00,12961.4816162109
2025-03-10 06:30:00,13482.2489583333
2025-03-10 06:45:00,14102.0769042969
2025-03-10 07:00:00,14750.698445638
2025-03-10 07:15:00,15309.2686686198
2025-03-10 07:30:00,15465.8443359375
2025-03-10 07:45:00,15527.5242919922
2025-03-10 08:00:00,15627.0016764323
2025-03-10 08:15:00,15894.8059326172
2025-03-10 08:30:00,16299.1510986328
2025-03-10 08:45:00,16563.882014974
2025-03-10 09:00:00,17014.2983561198
2025-03-10 09:15:00,17710.0827636719
2025-03-10 09:30:00,17899.003108724
2025-03-10 09:45:00,17990.0775878906
2025-03-10 10:00:00,17722.8614746094
2025-03-10 10:15:00,17919.2901367188
2025-03-10 10:30:00,17787.2547363281
2025-03-10 10:45:00,17886.0320800781
2025-03-10 11:00:00,17764.6342122396
2025-03-10 11:15:00,17815.3342610677
2025-03-10 11:30:00,17934.211702474
2025-03-10 11:45:00,17819.6683919271
2025-03-10 12:00:00,17410.0478841146
2025-03-10 12:15:00,17467.4202311198
2025-03-10 12:30:00,17538.9337565104
2025-03-10 12:45:00,17489.2176757813
2025-03-10 13:00:00,17192.3350748698
2025-03-10 13:15:00,17110.6426920573
2025-03-10 13:30:00,17018.3792317709
2025-03-10 13:45:00,16953.574983724
2025-03-10 14:00:00,16651.6930989583
2025-03-10 14:15:00,16617.0830729167
2025-03-10 14:30:00,16802.8915201823
2025-03-10 14:45:00,16817.046875
2025-03-10 15:00:00,16769.0361165365
2025-03-10 15:15:00,16746.2592610677
2025-03-10 15:30:00,16844.4688476563
2025-03-10 15:45:00,16718.3278157552
2025-03-10 16:00:00,16404.9067464193
2025-03-10 16:15:00,16089.1303466797
2025-03-10 16:30:00,15812.8087890625
2025-03-10 16:45:00,15450.6251302083
2025-03-10 17:00:00,14924.4974446615
2025-03-10 17:15:00,14477.0924723307
2025-03-10 17:30:00,14231.4447835286
2025-03-10 17:45:00,14108.6218994141
2025-03-10 18:00:00,12773.7495279948
2025-03-10 18:15:00,11637.8631022135
2025-03-10 18:30:00,11768.2633056641
2025-03-10 18:45:00,11930.1872070313
2025-03-10 19:00:00,12047.2333170573
2025-03-10 19:15:00,12031.9277099609
2025-03-10 19:30:00,11886.6325032552
2025-03-10 19:45:00,11848.2821207682
2025-03-10 20:00:00,11753.1583333333
2025-03-10 20:15:00,11575.3958333333
2025-03-10 20:30:00,11416.8346354167
2025-03-10 20:45:00,11174.9953776042
2025-03-10 21:00:00,11413.2758789063
2025-03-10 21:15:00,11941.7540120443
2025-03-10 21:30:00,11872.1307535807
2025-03-10 21:45:00,11645.2853108724
2025-03-10 22:00:00,11914.2001871745
2025-03-10 22:15:00,12601.3184244792
2025-03-10 22:30:00,12463.3724527995
2025-03-10 22:45:00,12258.3446695964
2025-03-10 23:00:00,12181.5737467448
2025-03-10 23:15:00,12067.4883300781
2025-03-10 23:30:00,11864.1891601562
2025-03-10 23:45:00,11731.8554361979
2025-03-11 00:00:00,11755.0362874349
2025-03-11 00:15:00,12167.2727620443
2025-03-11 00:30:00,12133.8495524089
2025-03-11 00:45:00,12076.5435546875
2025-03-11 01:00:00,11856.1517008464
2025-03-11 01:15:00,11581.1559407552
2025-03-11 01:30:00,11418.8040608724
2025-03-11 01:45:00,11365.363655599
2025-03-11 02:00:00,11144.0209065755
2025-03-11 02:15:00,11318.2897867839
2025-03-11 02:30:00,11322.2546549479
2025-03-11 02:45:00,11296.5435791016
2025-03-11 03:00:00,11030.039054362
2025-03-11 03:15:00,11381.8439534505
2025-03-11 03:30:00,11461.0736409505
2025-03-11 03:45:00,11511.9231608073
2025-03-11 04:00:00,11755.5462076823
2025-03-11 04:15:00,12050.3821451823
2025-03-11 04:30:00,12222.0618326823
2025-03-11 04:45:00,12276.1401204427
2025-03-11 05:00:00,12363.4478027344
2025-03-11 05:15:00,12574.2593424479
2025-03-11 05:30:00,12843.9608723958
2025-03-11 05:45:00,13065.4919189453
2025-03-11 06:00:00,12755.1879313151
2025-03-11 06:15:00,13243.5776204427
2025-03-11 06:30:00,13823.3248046875
2025-03-11 06:45:00,14449.9807942708
2025-03-11 07:00:00,14972.8493164063
2025-03-11 07:15:00,15373.8938151042
2025-03-11 07:30:00,15621.4923583984
2025-03-11 07:45:00,15735.9112874349
2025-03-11 08:00:00,15823.7832275391
2025-03-11 08:15:00,16011.1119140625
2025-03-11 08:30:00,16355.7538085938
2025-03-11 08:45:00,16661.1456054688
2025-03-11 09:00:00,16936.6000488281
2025-03-11 09:15:00,17494.0103841146
2025-03-11 09:30:00,17624.0723632813
2025-03-11 09:45:00,17651.0079427084
2025-03-11 10:00:00,17289.5311035156
2025-03-11 10:15:00,17177.9738932292
2025-03-11 10:30:00,17235.5753092448
2025-03-11 10:45:00,17182.9869466146
2025-03-11 11:00:00,16790.9658365886
2025-03-11 11:15:00,16838.7065266927
2025-03-11 11:30:00,16866.5133463542
2025-03-11 11:45:00,16704.6009602865
2025-03-11 12:00:00,16374.5293782552
2025-03-11 12:15:00,16332.979305013
2025-03-11 12:30:00,16254.8232096354
2025-03-11 12:45:00,16127.1572184245
2025-03-11 13:00:00,16038.4445882161
2025-03-11 13:15:00,15984.8908365886
2025-03-11 13:30:00,15741.6575358073
2025-03-11 13:45:00,15711.054679362
2025-03-11 14:00:00,15513.3409261068
2025-03-11 14:15:00,15724.7625244141
2025-03-11 14:30:00,16012.9303710938
2025-03-11 14:45:00,16230.0878499349
2025-03-11 15:00:00,16281.2424886068
2025-03-11 15:15:00,16148.4961751302
2025-03-11 15:30:00,16279.0138264974
2025-03-11 15:45:00,16325.3405598958
2025-03-11 16:00:00,16245.1339518229
2025-03-11 16:15:00,15956.5657796224
2025-03-11 16:30:00,15599.6579264323
2025-03-11 16:45:00,15179.9860026042
2025-03-11 17:00:00,14867.1882080078
2025-03-11 17:15:00,14602.5301188151
2025-03-11 17:30:00,14440.8235351563
2025-03-11 17:45:00,14345.1978759766
2025-03-11 18:00:00,12939.127734375
2025-03-11 18:15:00,11877.0387125651
2025-03-11 18:30:00,11919.3959147135
2025-03-11 18:45:00,12128.2623942057
2025-03-11 19:00:00,12148.6856770833
2025-03-11 19:15:00,12059.6235351562
2025-03-11 19:30:00,11955.8802164714
2025-03-11 19:45:00,11924.3573079427
2025-03-11 20:00:00,11852.9304117839
2025-03-11 20:15:00,11648.303914388
2025-03-11 20:30:00,11494.3870605469
2025-03-11 20:45:00,11282.4689127604
2025-03-11 21:00:00,11503.6551513672
2025-03-11 21:15:00,12012.925382487
2025-03-11 21:30:00,11974.5729085286
2025-03-11 21:45:00,11791.0908772787
2025-03-11 22:00:00,12012.896875
2025-03-11 22:15:00,12655.946484375
2025-03-11 22:30:00,12563.0300292969
2025-03-11 22:45:00,12382.8477294922
2025-03-11 23:00:00,12262.716023763
2025-03-11 23:15:00,12172.4331542969
2025-03-11 23:30:00,11997.2240641276
2025-03-11 23:45:00,11785.2341796875
2025-03-12 00:00:00,11745.1705240885
2025-03-12 00:15:00,12303.7888834636
2025-03-12 00:30:00,12278.0179117839
2025-03-12 00:45:00,12223.8557454427
2025-03-12 01:00:00,11975.5446695964
2025-03-12 01:15:00,11782.0532226563
2025-03-12 01:30:00,11657.4206787109
2025-03-12 01:45:00,11574.2825358073
2025-03-12 02:00:00,11415.5555826823
2025-03-12 02:15:00,11619.6017415365
2025-03-12 02:30:00,11633.8922363281
2025-03-12 02:45:00,11611.2674804687
2025-03-12 03:00:00,11375.230867513
2025-03-12 03:15:00,11829.9671630859
2025-03-12 03:30:00,11889.4741048177
2025-03-12 03:45:00,11871.2100667318
2025-03-12 04:00:00,12069.9782389323
2025-03-12 04:15:00,12389.2662027995
2025-03-12 04:30:00,12515.8506184896
2025-03-12 04:45:00,12622.5961100261
2025-03-12 05:00:00,12666.2594319662
2025-03-12 05:15:00,12808.076163737
2025-03-12 05:30:00,13083.2645914714
2025-03-12 05:45:00,13302.5975667318
2025-03-12 06:00:00,12979.5418619792
2025-03-12 06:15:00,13463.4045328776
2025-03-12 06:30:00,14151.3448079427
2025-03-12 06:45:00,14673.88125
2025-03-12 07:00:00,15358.6535319011
2025-03-12 07:15:00,15686.0612792969
2025-03-12 07:30:00,15838.5495198568
2025-03-12 07:45:00,15803.4450602214
2025-03-12 08:00:00,15692.0940266927
2025-03-12 08:15:00,16072.3077392578
2025-03-12 08:30:00,16487.4936930339
2025-03-12 08:45:00,16836.3994140625
2025-03-12 09:00:00,17228.5513671875
2025-03-12 09:15:00,17836.1777018229
2025-03-12 09:30:00,18099.2473470052
2025-03-12 09:45:00,18064.3790201823
2025-03-12 10:00:00,17802.0656412761
2025-03-12 10:15:00,17941.3860677083
2025-03-12 10:30:00,18094.6807617188
2025-03-12 10:45:00,18174.2657063802
2025-03-12 11:00:00,17895.2329427083
2025-03-12 11:15:00,17813.1502766927
2025-03-12 11:30:00,17895.2226725261
2025-03-12 11:45:00,17974.5293945313
2025-03-12 12:00:00,17661.7957519531
2025-03-12 12:15:00,17659.7890787761
2025-03-12 12:30:00,17770.8105794271
2025-03-12 12:45:00,17890.4381835938
2025-03-12 13:00:00,17670.736311849
2025-03-12 13:15:00,17460.3243977865
2025-03-12 13:30:00,17423.0506347656
2025-03-12 13:45:00,17411.5891601563
2025-03-12 14:00:00,17174.2332845052
2025-03-12 14:15:00,17369.5076334636
2025-03-12 14:30:00,17611.5260904948
2025-03-12 14:45:00,17741.608203125
2025-03-12 15:00:00,17600.9383138021
2025-03-12 15:15:00,17664.1895670573
2025-03-12 15:30:00,17639.2946777344
2025-03-12 15:45:00,17542.4381835938
2025-03-12 16:00:00,17187.0036295573
2025-03-12 16:15:00,16672.8312011719
2025-03-12 16:30:00,16329.4779866536
2025-03-12 16:45:00,15855.5635009766
2025-03-12 17:00:00,15327.1565755208
2025-03-12 17:15:00,14952.5098063151
2025-03-12 17:30:00,14684.9492513021
2025-03-12 17:45:00,14357.7190917969
2025-03-12 18:00:00,12783.3194580078
2025-03-12 18:15:00,11761.4666829427
2025-03-12 18:30:00,11813.2684488932
2025-03-12 18:45:00,11868.372639974
2025-03-12 19:00:00,11791.8181722005
2025-03-12 19:15:00,11589.9633951823
2025-03-12 19:30:00,11403.6957438151
2025-03-12 19:45:00,11341.2549153646
2025-03-12 20:00:00,11283.3152832031
2025-03-12 20:15:00,11207.2166259766
2025-03-12 20:30:00,11041.6185709636
2025-03-12 20:45:00,10879.3160481771
2025-03-12 21:00:00,11049.0676025391
2025-03-12 21:15:00,11418.3068115234
2025-03-12 21:30:00,11348.5855061849
2025-03-12 21:45:00,11150.680867513
2025-03-12 22:00:00,11327.1665852865
2025-03-12 22:15:00,11947.7192301432
2025-03-12 22:30:00,11871.6340087891
2025-03-12 22:45:00,11720.3205810547
2025-03-12 23:00:00,11694.1803629557
2025-03-12 23:15:00,11634.3598714193
2025-03-12 23:30:00,11562.7768961589
2025-03-12 23:45:00,11481.0573730469
2025-03-13 00:00:00,11394.4829864502
2025-03-13 00:15:00,11868.2819590251
2025-03-13 00:30:00,11968.4799957275
2025-03-13 00:45:00,11913.786730957
2025-03-13 01:00:00,11784.5372568766
2025-03-13 01:15:00,11579.4297444662
2025-03-13 01:30:00,11465.8617095947
2025-03-13 01:45:00,11368.9937143962
2025-03-13 02:00:00,11197.3980916341
2025-03-13 02:15:00,11272.0115559896
2025-03-13 02:30:00,11287.846681722
2025-03-13 02:45:00,11244.7474009196
2025-03-13 03:00:00,11016.1377309163
2025-03-13 03:15:00,11265.6929361979
2025-03-13 03:30:00,11387.1330373128
2025-03-13 03:45:00,11393.0468210856
2025-03-13 04:00:00,11514.334270223
2025-03-13 04:15:00,11925.7488057454
2025-03-13 04:30:00,12064.5299336751
2025-03-13 04:45:00,12082.1725585937
2025-03-13 05:00:00,12151.6816040039
2025-03-13 05:15:00,12260.8438252767
2025-03-13 05:30:00,12508.2703735352
2025-03-13 05:45:00,12747.7563395182
2025-03-13 06:00:00,12638.402722168
2025-03-13 06:15:00,12838.2907409668
2025-03-13 06:30:00,13543.6539347331
2025-03-13 06:45:00,14146.4890065511
2025-03-13 07:00:00,14581.396069336
2025-03-13 07:15:00,15027.8634124756
2025-03-13 07:30:00,15316.9844960531
2025-03-13 07:45:00,15383.347668457
2025-03-13 08:00:00,15435.2897247315
2025-03-13 08:15:00,15579.3471445719
2025-03-13 08:30:00,15767.8059285482
2025-03-13 08:45:00,16192.1376149496
2025-03-13 09:00:00,16371.9095550537
2025-03-13 09:15:00,16908.2880472819
2025-03-13 09:30:00,17188.336336263
2025-03-13 09:45:00,17436.5153544108
2025-03-13 10:00:00,17364.154876709
2025-03-13 10:15:00,17497.1505493164
2025-03-13 10:30:00,17683.5751586914
2025-03-13 10:45:00,17869.8575215658
2025-03-13 11:00:00,17759.2244812012
2025-03-13 11:15:00,17540.5932352702
2025-03-13 11:30:00,17615.2607828776
2025-03-13 11:45:00,17631.0315938314
2025-03-13 12:00:00,17388.3526448568
2025-03-13 12:15:00,17385.4793314616
2025-03-13 12:30:00,17479.2289082845
2025-03-13 12:45:00,17403.1259114583
2025-03-13 13:00:00,17317.5746785482
2025-03-13 13:15:00,17189.8550008138
2025-03-13 13:30:00,17023.4010762532
2025-03-13 13:45:00,16955.6924906413
2025-03-13 14:00:00,16749.0219696045
2025-03-13 14:15:00,16514.3913625081
2025-03-13 14:30:00,16780.865242513
2025-03-13 14:45:00,16996.6834533691
2025-03-13 15:00:00,17049.5094848633
2025-03-13 15:15:00,17059.6123291016
2025-03-13 15:30:00,17149.6516947428
2025-03-13 15:45:00,17205.1883443197
2025-03-13 16:00:00,17019.69278361
2025-03-13 16:15:00,16539.688881429
2025-03-13 16:30:00,16304.6314585368
2025-03-13 16:45:00,15951.6631103516
2025-03-13 17:00:00,15502.9598999023
2025-03-13 17:15:00,14995.9815511068
2025-03-13 17:30:00,14832.4408538818
2025-03-13 17:45:00,14651.2297953288
2025-03-13 18:00:00,13692.6289367676
2025-03-13 18:15:00,12180.1745056152
2025-03-13 18:30:00,12166.6530273438
2025-03-13 18:45:00,12357.1551900228
2025-03-13 19:00:00,12383.1072947184
2025-03-13 19:15:00,12292.6025950114
2025-03-13 19:30:00,12202.6399586996
2025-03-13 19:45:00,12113.4825805664
2025-03-13 20:00:00,12126.8968129476
2025-03-13 20:15:00,12031.4355010986
2025-03-13 20:30:00,11865.4679158529
2025-03-13 20:45:00,11754.1731669108
2025-03-13 21:00:00,11769.8948852539
2025-03-13 21:15:00,12423.9855316162
2025-03-13 21:30:00,12509.0373881022
2025-03-13 21:45:00,12337.782136027
2025-03-13 22:00:00,12388.374105835
2025-03-13 22:15:00,13180.0326690674
2025-03-13 22:30:00,13205.603922526
2025-03-13 22:45:00,13037.0424550374
2025-03-13 23:00:00,12970.1595967611
2025-03-13 23:15:00,12886.4656524658
2025-03-13 23:30:00,12740.6699910482
2025-03-13 23:45:00,12634.6827219645
2025-03-14 00:00:00,12482.4407470703
2025-03-14 00:15:00,12894.3013102214
2025-03-14 00:30:00,12934.5669433594
2025-03-14 00:45:00,12831.8002360026
2025-03-14 01:00:00,12557.9710286458
2025-03-14 01:15:00,12304.9305094401
2025-03-14 01:30:00,12190.258601888
2025-03-14 01:45:00,12058.5355957031
2025-03-14 02:00:00,11834.6041992188
2025-03-14 02:15:00,11977.7572021484
2025-03-14 02:30:00,11915.4946695964
2025-03-14 02:45:00,11860.6792073568
2025-03-14 03:00:00,11596.4848307292
2025-03-14 03:15:00,12010.0899169922
2025-03-14 03:30:00,11961.9310872396
2025-03-14 03:45:00,11918.8260498047
2025-03-14 04:00:00,12137.7947916667
2025-03-14 04:15:00,12593.1825764974
2025-03-14 04:30:00,12646.4001546224
2025-03-14 04:45:00,12701.6543538412
2025-03-14 05:00:00,12774.0302083333
2025-03-14 05:15:00,12883.2869140625
2025-03-14 05:30:00,13105.9055013021
2025-03-14 05:45:00,13298.6065836589
2025-03-14 06:00:00,12913.5384195964
2025-03-14 06:15:00,13394.15703125
2025-03-14 06:30:00,13992.4416259766
2025-03-14 06:45:00,14483.9810791016
2025-03-14 07:00:00,14947.0675374349
2025-03-14 07:15:00,15268.673828125
2025-03-14 07:30:00,15406.5375895182
2025-03-14 07:45:00,15347.9742757162
2025-03-14 08:00:00,15316.6076171875
2025-03-14 08:15:00,15489.6287353516
2025-03-14 08:30:00,15904.3883056641
2025-03-14 08:45:00,16176.4140625
2025-03-14 09:00:00,16498.8671468099
2025-03-14 09:15:00,17048.5507324219
2025-03-14 09:30:00,17254.3459472656
2025-03-14 09:45:00,17467.7837565104
2025-03-14 10:00:00,17396.067578125
2025-03-14 10:15:00,17417.0740885417
2025-03-14 10:30:00,17384.7539550781
2025-03-14 10:45:00,17559.8001139323
2025-03-14 11:00:00,17368.5966308594
2025-03-14 11:15:00,17338.4331705729
2025-03-14 11:30:00,17421.3705566406
2025-03-14 11:45:00,17402.3784179688
2025-03-14 12:00:00,17159.7115885417
2025-03-14 12:15:00,16967.2318684896
2025-03-14 12:30:00,16829.0094238281
2025-03-14 12:45:00,16970.2702148438
2025-03-14 13:00:00,16913.9752766927
2025-03-14 13:15:00,16789.9399739583
2025-03-14 13:30:00,16657.2847330729
2025-03-14 13:45:00,16542.6688313802
2025-03-14 14:00:00,16347.3160481771
2025-03-14 14:15:00,16134.4611083984
2025-03-14 14:30:00,16402.3412760417
2025-03-14 14:45:00,16539.8801839193
2025-03-14 15:00:00,16524.642561849
2025-03-14 15:15:00,16668.6588867188
2025-03-14 15:30:00,16728.9307942709
2025-03-14 15:45:00,16581.1463378906
2025-03-14 16:00:00,16244.4639241536
2025-03-14 16:15:00,15938.8875
2025-03-14 16:30:00,15725.1469238281
2025-03-14 16:45:00,15325.3891276042
2025-03-14 17:00:00,14889.877351888
2025-03-14 17:15:00,14423.3339111328
2025-03-14 17:30:00,14279.3354248047
2025-03-14 17:45:00,14061.9523844401
2025-03-14 18:00:00,12569.089835612
2025-03-14 18:15:00,11567.1645914714
2025-03-14 18:30:00,11570.6583577474
2025-03-14 18:45:00,11703.6024414063
2025-03-14 19:00:00,11696.3050292969
2025-03-14 19:15:00,11632.4060302734
2025-03-14 19:30:00,11456.9193603516
2025-03-14 19:45:00,11481.0500569661
2025-03-14 20:00:00,11506.6648844401
2025-03-14 20:15:00,11379.9591145833
2025-03-14 20:30:00,11256.7172607422
2025-03-14 20:45:00,11125.4416829427
2025-03-14 21:00:00,11368.1046061198
2025-03-14 21:15:00,11864.4797119141
2025-03-14 21:30:00,11803.7102701823
2025-03-14 21:45:00,11617.9754964193
2025-03-14 22:00:00,11853.6704671224
2025-03-14 22:15:00,12499.3336669922
2025-03-14 22:30:00,12352.2575276693
2025-03-14 22:45:00,12232.1061116537
2025-03-14 23:00:00,12140.7525797526
2025-03-14 23:15:00,12170.1082356771
2025-03-14 23:30:00,12049.589827474
2025-03-14 23:45:00,11897.712890625
2025-03-15 00:00:00,12044.713671875
2025-03-15 00:15:00,12377.5658854167
2025-03-15 00:30:00,12293.6686848958
2025-03-15 00:45:00,12170.3934244792
2025-03-15 01:00:00,11868.2096354167
2025-03-15 01:15:00,11721.8895182292
2025-03-15 01:30:00,11622.0815104167
2025-03-15 01:45:00,11505.3746744792
2025-03-15 02:00:00,11370.9977864583
2025-03-15 02:15:00,11567.9432291667
2025-03-15 02:30:00,11520.0526692708
2025-03-15 02:45:00,11451.258203125
2025-03-15 03:00:00,11158.5984375
2025-03-15 03:15:00,11579.3067057292
2025-03-15 03:30:00,11612.1979817708
2025-03-15 03:45:00,11633.3699869792
2025-03-15 04:00:00,11940.4902994792
2025-03-15 04:15:00,12230.6001953125
2025-03-15 04:30:00,12318.1038411458
2025-03-15 04:45:00,12321.6606770833
2025-03-15 05:00:00,12413.2881510417
2025-03-15 05:15:00,12595.3055338542
2025-03-15 05:30:00,12827.8384114583
2025-03-15 05:45:00,12982.2173177083
2025-03-15 06:00:00,12341.6532552083
2025-03-15 06:15:00,12966.73671875
2025-03-15 06:30:00,13611.8310546875
2025-03-15 06:45:00,14260.554296875
2025-03-15 07:00:00,14554.236328125
2025-03-15 07:15:00,14818.8918619792
2025-03-15 07:30:00,14967.6143229167
2025-03-15 07:45:00,15070.3310546875
2025-03-15 08:00:00,15210.8574869792
2025-03-15 08:15:00,15349.4895182292
2025-03-15 08:30:00,15789.2326171875
2025-03-15 08:45:00,16106.4335286458
2025-03-15 09:00:00,16473.2995442708
2025-03-15 09:15:00,16766.3442708333
2025-03-15 09:30:00,17037.3643229167
2025-03-15 09:45:00,17238.936328125
2025-03-15 10:00:00,17199.380078125
2025-03-15 10:15:00,17329.7075520833
2025-03-15 10:30:00,17493.586328125
2025-03-15 10:45:00,17354.5861979167
2025-03-15 11:00:00,17125.3455729167
2025-03-15 11:15:00,17066.6430989583
2025-03-15 11:30:00,17236.528125
2025-03-15 11:45:00,17171.959375
2025-03-15 12:00:00,16359.828125
2025-03-15 12:15:00,16836.4912109375
2025-03-15 12:30:00,16910.05546875
2025-03-15 12:45:00,15789.1850260417
2025-03-15 13:00:00,15775.1841796875
2025-03-15 13:15:00,15852.1277994792
2025-03-15 13:30:00,15820.1033203125
2025-03-15 13:45:00,15887.5365234375
2025-03-15 14:00:00,16030.2372395833
2025-03-15 14:15:00,16265.5206380208
2025-03-15 14:30:00,16530.7345052083
2025-03-15 14:45:00,16621.9303385417
2025-03-15 15:00:00,16557.89140625
2025-03-15 15:15:00,16646.3329427083
2025-03-15 15:30:00,16801.8522135417
2025-03-15 15:45:00,16707.284765625
2025-03-15 16:00:00,16293.4942057292
2025-03-15 16:15:00,16069.6202473958
2025-03-15 16:30:00,15774.8073567708
2025-03-15 16:45:00,15538.76796875
2025-03-15 17:00:00,15008.559765625
2025-03-15 17:15:00,14787.801171875
2025-03-15 17:30:00,14488.9512369792
2025-03-15 17:45:00,14255.257421875
2025-03-15 18:00:00,12341.7381510417
2025-03-15 18:15:00,11879.3348958333
2025-03-15 18:30:00,12143.3848307292
2025-03-15 18:45:00,12270.015625
2025-03-15 19:00:00,12236.5108723958
2025-03-15 19:15:00,12234.7904947917
2025-03-15 19:30:00,12074.4537760417
2025-03-15 19:45:00,12028.8153645833
2025-03-15 20:00:00,11928.6901692708
2025-03-15 20:15:00,11829.1527994792
2025-03-15 20:30:00,11675.3046223958
2025-03-15 20:45:00,11542.4682291667
2025-03-15 21:00:00,11989.7342447917
2025-03-15 21:15:00,12351.7046875
2025-03-15 21:30:00,12256.4138671875
2025-03-15 21:45:00,12040.5381510417
2025-03-15 22:00:00,12524.3966796875
2025-03-15 22:15:00,12971.3595703125
2025-03-15 22:30:00,12940.76015625
2025-03-15 22:45:00,12693.6466796875
2025-03-15 23:00:00,12678.0253255208
2025-03-15 23:15:00,12696.7853515625
2025-03-15 23:30:00,12413.9891927083
2025-03-15 23:45:00,12249.8666015625
2025-03-16 00:00:00,12235.728499349
2025-03-16 00:15:00,12735.0852620443
2025-03-16 00:30:00,12701.728108724
2025-03-16 00:45:00,12540.8293863932
2025-03-16 01:00:00,12344.4741780599
2025-03-16 01:15:00,12159.0005045573
2025-03-16 01:30:00,12037.8190592448
2025-03-16 01:45:00,11957.874584961
2025-03-16 02:00:00,11804.1115397135
2025-03-16 02:15:00,11874.5042561849
2025-03-16 02:30:00,11878.9979980469
2025-03-16 02:45:00,11860.6782145182
2025-03-16 03:00:00,11586.5503662109
2025-03-16 03:15:00,12013.9130940755
2025-03-16 03:30:00,12047.5411946615
2025-03-16 03:45:00,12071.8047119141
2025-03-16 04:00:00,12260.5409749349
2025-03-16 04:15:00,12680.5032633464
2025-03-16 04:30:00,12838.8917236328
2025-03-16 04:45:00,12904.4086669922
2025-03-16 05:00:00,12998.648421224
2025-03-16 05:15:00,13068.5217936198
2025-03-16 05:30:00,13255.3629720052
2025-03-16 05:45:00,13389.3891764323
2025-03-16 06:00:00,12870.9668863932
2025-03-16 06:15:00,13115.4635823568
2025-03-16 06:30:00,13504.2551106771
2025-03-16 06:45:00,13770.1056477865
2025-03-16 07:00:00,14072.5815429688
2025-03-16 07:15:00,14357.9388509115
2025-03-16 07:30:00,14488.21796875
2025-03-16 07:45:00,14605.7610514323
2025-03-16 08:00:00,14627.5690836589
2025-03-16 08:15:00,14833.1545003255
2025-03-16 08:30:00,15231.1678385417
2025-03-16 08:45:00,15482.0093343099
2025-03-16 09:00:00,15820.889453125
2025-03-16 09:15:00,16135.3625244141
2025-03-16 09:30:00,16249.1725341797
2025-03-16 09:45:00,16397.4126302084
2025-03-16 10:00:00,16154.4467773437
2025-03-16 10:15:00,15947.7826497396
2025-03-16 10:30:00,15957.2629069011
2025-03-16 10:45:00,16028.6188802083
2025-03-16 11:00:00,15814.9419352214
2025-03-16 11:15:00,15805.7202148437
2025-03-16 11:30:00,15816.6999593099
2025-03-16 11:45:00,15832.6913655599
2025-03-16 12:00:00,15496.5695719401
2025-03-16 12:15:00,15493.0019938151
2025-03-16 12:30:00,15518.9706461588
2025-03-16 12:45:00,15499.3456787109
2025-03-16 13:00:00,15401.3223795573
2025-03-16 13:15:00,15200.490242513
2025-03-16 13:30:00,15231.3565429688
2025-03-16 13:45:00,15171.4864827474
2025-03-16 14:00:00,15045.1976074219
2025-03-16 14:15:00,14864.4728922526
2025-03-16 14:30:00,15068.467195638
2025-03-16 14:45:00,15065.4538004557
2025-03-16 15:00:00,14994.4364746094
2025-03-16 15:15:00,15061.9331624349
2025-03-16 15:30:00,15136.6872151693
2025-03-16 15:45:00,15028.0419108073
2025-03-16 16:00:00,14717.4520833333
2025-03-16 16:15:00,14506.3760904948
2025-03-16 16:30:00,14282.1111409505
2025-03-16 16:45:00,13916.386710612
2025-03-16 17:00:00,13483.2555989583
2025-03-16 17:15:00,13171.7657470703
2025-03-16 17:30:00,13023.4275065104
2025-03-16 17:45:00,12894.9495849609
2025-03-16 18:00:00,11649.474609375
2025-03-16 18:15:00,10743.666813151
2025-03-16 18:30:00,10897.744905599
2025-03-16 18:45:00,11185.294523112
2025-03-16 19:00:00,11344.4857014974
2025-03-16 19:15:00,11417.28984375
2025-03-16 19:30:00,11375.4010742188
2025-03-16 19:45:00,11416.8416341146
2025-03-16 20:00:00,11479.5513590495
2025-03-16 20:15:00,11344.116813151
2025-03-16 20:30:00,11229.1477376302
2025-03-16 20:45:00,11115.4050130209
2025-03-16 21:00:00,11344.368367513
2025-03-16 21:15:00,11826.5268717448
2025-03-16 21:30:00,11797.9389567057
2025-03-16 21:45:00,11636.8563395182
2025-03-16 22:00:00,11974.1651285807
2025-03-16 22:15:00,12609.8568522135
2025-03-16 22:30:00,12510.380444336
2025-03-16 22:45:00,12360.2933186849
2025-03-16 23:00:00,12334.7694986979
2025-03-16 23:15:00,12287.1541503906
2025-03-16 23:30:00,12112.0711995443
2025-03-16 23:45:00,11918.8008707682
2025-03-17 00:00:00,11771.5599121094
2025-03-17 00:15:00,12418.3029947917
2025-03-17 00:30:00,12443.526171875
2025-03-17 00:45:00,12328.6138183594
2025-03-17 01:00:00,12080.024617513
2025-03-17 01:15:00,11866.9727539063
2025-03-17 01:30:00,11708.4254882813
2025-03-17 01:45:00,11593.6756591797
2025-03-17 02:00:00,11439.1887451172
2025-03-17 02:15:00,11620.1861165365
2025-03-17 02:30:00,11502.503491211
2025-03-17 02:45:00,11502.8201416016
2025-03-17 03:00:00,11205.1878092448
2025-03-17 03:15:00,11717.6356770833
2025-03-17 03:30:00,11778.5529866536
2025-03-17 03:45:00,11811.047273763
2025-03-17 04:00:00,12024.5279459636
2025-03-17 04:15:00,12321.5224039714
2025-03-17 04:30:00,12376.9371988932
2025-03-17 04:45:00,12414.1706624349
2025-03-17 05:00:00,12483.7892659505
2025-03-17 05:15:00,12771.7214111328
2025-03-17 05:30:00,12965.6988688151
2025-03-17 05:45:00,13254.8432779948
2025-03-17 06:00:00,12928.625008138
2025-03-17 06:15:00,13432.0026448568
2025-03-17 06:30:00,14087.141422526
2025-03-17 06:45:00,14725.0339029948
2025-03-17 07:00:00,15315.4003336589
2025-03-17 07:15:00,15693.0307047526
2025-03-17 07:30:00,15857.6290283203
2025-03-17 07:45:00,15935.1342610677
2025-03-17 08:00:00,16131.145694987
2025-03-17 08:15:00,16245.0219319662
2025-03-17 08:30:00,16566.2979654948
2025-03-17 08:45:00,16865.7123860677
2025-03-17 09:00:00,17095.9715494792
2025-03-17 09:15:00,17592.4451985677
2025-03-17 09:30:00,17858.7226888021
2025-03-17 09:45:00,18058.7180013021
2025-03-17 10:00:00,17890.2759928385
2025-03-17 10:15:00,17945.6862304688
2025-03-17 10:30:00,18045.4307291667
2025-03-17 10:45:00,18157.880452474
2025-03-17 11:00:00,18056.9927246094
2025-03-17 11:15:00,18139.6858886719
2025-03-17 11:30:00,18217.1497721354
2025-03-17 11:45:00,18188.4778157552
2025-03-17 12:00:00,17818.2489583333
2025-03-17 12:15:00,17898.6659016927
2025-03-17 12:30:00,17975.1719563802
2025-03-17 12:45:00,17992.1190592448
2025-03-17 13:00:00,17889.1089518229
2025-03-17 13:15:00,17788.0037923177
2025-03-17 13:30:00,17890.0834147136
2025-03-17 13:45:00,17862.2180338542
2025-03-17 14:00:00,17663.7027018229
2025-03-17 14:15:00,17608.8023111979
2025-03-17 14:30:00,17730.2808756511
2025-03-17 14:45:00,17840.5874023438
2025-03-17 15:00:00,17748.25859375
2025-03-17 15:15:00,17849.8663736979
2025-03-17 15:30:00,17811.4426757813
2025-03-17 15:45:00,17627.7605143229
2025-03-17 16:00:00,17453.0564778646
2025-03-17 16:15:00,16946.5278645834
2025-03-17 16:30:00,16527.1911295573
2025-03-17 16:45:00,16021.8365071615
2025-03-17 17:00:00,15627.8323079427
2025-03-17 17:15:00,15154.3896321615
2025-03-17 17:30:00,14972.8426513672
2025-03-17 17:45:00,14789.453499349
2025-03-17 18:00:00,13466.5308349609
2025-03-17 18:15:00,12522.7498942057
2025-03-17 18:30:00,12578.5932373047
2025-03-17 18:45:00,12739.3560953776
2025-03-17 19:00:00,12742.3298990886
2025-03-17 19:15:00,12725.7635172526
2025-03-17 19:30:00,12600.9802408854
2025-03-17 19:45:00,12569.9564371745
2025-03-17 20:00:00,12441.067594401
2025-03-17 20:15:00,12372.8513671875
2025-03-17 20:30:00,12209.5074869792
2025-03-17 20:45:00,12112.005875651
2025-03-17 21:00:00,12371.7907389323
2025-03-17 21:15:00,12896.2116292318
2025-03-17 21:30:00,12845.4414632162
2025-03-17 21:45:00,12657.2073242188
2025-03-17 22:00:00,12874.060953776
2025-03-17 22:15:00,13463.4785563151
2025-03-17 22:30:00,13295.9018554687
2025-03-17 22:45:00,13158.5861409505
2025-03-17 23:00:00,13059.7959147135
2025-03-17 23:15:00,12975.841398112
2025-03-17 23:30:00,12825.4213460287
2025-03-17 23:45:00,12687.6351074219
2025-03-18 00:00:00,12698.4014811198
2025-03-18 00:15:00,13133.3307617188
2025-03-18 00:30:00,13077.2100992839
2025-03-18 00:45:00,12979.4412516276
2025-03-18 01:00:00,12730.1490071615
2025-03-18 01:15:00,12518.6521402995
2025-03-18 01:30:00,12456.4139648438
2025-03-18 01:45:00,12378.0564778646
2025-03-18 02:00:00,12158.3646484375
2025-03-18 02:15:00,12259.4254882812
2025-03-18 02:30:00,12216.3696451823
2025-03-18 02:45:00,12138.5847900391
2025-03-18 03:00:00,11940.3319580078
2025-03-18 03:15:00,12358.8323160807
2025-03-18 03:30:00,12413.6298665365
2025-03-18 03:45:00,12436.3344726563
2025-03-18 04:00:00,12674.1582845052
2025-03-18 04:15:00,13014.3706705729
2025-03-18 04:30:00,13059.9336751302
2025-03-18 04:45:00,13133.6233968099
2025-03-18 05:00:00,13218.9310302734
2025-03-18 05:15:00,13330.9325358073
2025-03-18 05:30:00,13565.2228678385
2025-03-18 05:45:00,13656.6752115886
2025-03-18 06:00:00,13292.8434488932
2025-03-18 06:15:00,13856.9787190755
2025-03-18 06:30:00,14574.2254882813
2025-03-18 06:45:00,15017.8662597656
2025-03-18 07:00:00,15361.8729654948
2025-03-18 07:15:00,15700.6630289714
2025-03-18 07:30:00,15875.7291015625
2025-03-18 07:45:00,15987.5294026693
2025-03-18 08:00:00,16086.7427652995
2025-03-18 08:15:00,16284.9087727865
2025-03-18 08:30:00,16607.2944254557
2025-03-18 08:45:00,16678.8862630208
2025-03-18 09:00:00,16851.6669759115
2025-03-18 09:15:00,17505.891813151
2025-03-18 09:30:00,17563.1258951823
2025-03-18 09:45:00,17684.5572591146
2025-03-18 10:00:00,17489.6752115886
2025-03-18 10:15:00,17623.1119791667
2025-03-18 10:30:00,17867.1486165365
2025-03-18 10:45:00,17894.7825358073
2025-03-18 11:00:00,17734.4633138021
2025-03-18 11:15:00,17950.8019856771
2025-03-18 11:30:00,17927.6978678385
2025-03-18 11:45:00,17960.0191080729
2025-03-18 12:00:00,17484.7081542969
2025-03-18 12:15:00,17548.980843099
2025-03-18 12:30:00,17581.4848958333
2025-03-18 12:45:00,17658.0774902344
2025-03-18 13:00:00,17634.488264974
2025-03-18 13:15:00,17465.0303873698
2025-03-18 13:30:00,17393.6752604167
2025-03-18 13:45:00,17311.1430501302
2025-03-18 14:00:00,17034.5210449219
2025-03-18 14:15:00,17103.7157877604
2025-03-18 14:30:00,17332.3611002604
2025-03-18 14:45:00,17380.4987792969
2025-03-18 15:00:00,17278.7120442709
2025-03-18 15:15:00,17349.0878580729
2025-03-18 15:30:00,17361.642578125
2025-03-18 15:45:00,17368.6283040365
2025-03-18 16:00:00,17182.2575358073
2025-03-18 16:15:00,16897.2889648438
2025-03-18 16:30:00,16529.2953450521
2025-03-18 16:45:00,16230.5204345703
2025-03-18 17:00:00,15787.0727620443
2025-03-18 17:15:00,15420.1655680339
2025-03-18 17:30:00,15218.249617513
2025-03-18 17:45:00,14944.0828369141
2025-03-18 18:00:00,13616.6529459636
2025-03-18 18:15:00,12768.7900797526
2025-03-18 18:30:00,12765.2379882813
2025-03-18 18:45:00,12931.4454589844
2025-03-18 19:00:00,12879.264835612
2025-03-18 19:15:00,12841.4410970052
2025-03-18 19:30:00,12789.7351155599
2025-03-18 19:45:00,12749.7132324219
2025-03-18 20:00:00,12714.556266276
2025-03-18 20:15:00,12587.6939290365
2025-03-18 20:30:00,12438.7798828125
2025-03-18 20:45:00,12262.0102864583
2025-03-18 21:00:00,12482.1645751953
2025-03-18 21:15:00,13004.4326985677
2025-03-18 21:30:00,12827.7793863932
2025-03-18 21:45:00,12642.1070882161
2025-03-18 22:00:00,12906.2397786458
2025-03-18 22:15:00,13574.0406901042
2025-03-18 22:30:00,13465.157430013
2025-03-18 22:45:00,13299.8783203125
2025-03-18 23:00:00,13243.1800211589
2025-03-18 23:15:00,13186.2082682292
2025-03-18 23:30:00,13100.4456461589
2025-03-18 23:45:00,13006.7566162109
2025-03-19 00:00:00,12931.7534912109
2025-03-19 00:15:00,13440.3229248047
2025-03-19 00:30:00,13364.1174153646
2025-03-19 00:45:00,13360.5071858724
2025-03-19 01:00:00,13091.8568359375
2025-03-19 01:15:00,12839.7768636068
2025-03-19 01:30:00,12752.2390055339
2025-03-19 01:45:00,12630.2341145833
2025-03-19 02:00:00,12372.4920817057
2025-03-19 02:15:00,12544.4246500651
2025-03-19 02:30:00,12525.5180094401
2025-03-19 02:45:00,12474.7998697917
2025-03-19 03:00:00,12240.6658284505
2025-03-19 03:15:00,12685.0533365885
2025-03-19 03:30:00,12745.1721761068
2025-03-19 03:45:00,12730.2984619141
2025-03-19 04:00:00,12948.4195800781
2025-03-19 04:15:00,13298.1004557292
2025-03-19 04:30:00,13400.1067138672
2025-03-19 04:45:00,13458.2024902344
2025-03-19 05:00:00,13540.705867513
2025-03-19 05:15:00,13672.0806477865
2025-03-19 05:30:00,13875.7967366537
2025-03-19 05:45:00,14060.7000813802
2025-03-19 06:00:00,13730.3763753255
2025-03-19 06:15:00,14296.1914306641
2025-03-19 06:30:00,14942.3116292318
2025-03-19 06:45:00,15342.7133056641
2025-03-19 07:00:00,15624.5988606771
2025-03-19 07:15:00,16003.9135823568
2025-03-19 07:30:00,16168.8701660156
2025-03-19 07:45:00,16285.8700846354
2025-03-19 08:00:00,16306.8194580078
2025-03-19 08:15:00,16471.18515625
2025-03-19 08:30:00,16613.7516601563
2025-03-19 08:45:00,16909.3742675781
2025-03-19 09:00:00,17121.2047037761
2025-03-19 09:15:00,17633.2241210938
2025-03-19 09:30:00,17802.5000651042
2025-03-19 09:45:00,17863.2780273438
2025-03-19 10:00:00,17558.6134277344
2025-03-19 10:15:00,17583.0119628906
2025-03-19 10:30:00,17500.4645019531
2025-03-19 10:45:00,17600.0394856771
2025-03-19 11:00:00,17471.0609537761
2025-03-19 11:15:00,17600.5203450521
2025-03-19 11:30:00,17712.7823242188
2025-03-19 11:45:00,17637.8639648438
2025-03-19 12:00:00,17365.2775553385
2025-03-19 12:15:00,17402.240625
2025-03-19 12:30:00,17544.380452474
2025-03-19 12:45:00,17610.415625
2025-03-19 13:00:00,17487.4967122396
2025-03-19 13:15:00,17327.5387369792
2025-03-19 13:30:00,17207.2342447917
2025-03-19 13:45:00,17198.7417154948
2025-03-19 14:00:00,17002.0611328125
2025-03-19 14:15:00,16927.6062662761
2025-03-19 14:30:00,17074.0350097656
2025-03-19 14:45:00,17120.1527994792
2025-03-19 15:00:00,17091.9902669271
2025-03-19 15:15:00,17196.0918945313
2025-03-19 15:30:00,17165.3771647136
2025-03-19 15:45:00,17083.2128417969
2025-03-19 16:00:00,16853.0160644531
2025-03-19 16:15:00,16545.1798339844
2025-03-19 16:30:00,16370.586319987
2025-03-19 16:45:00,15945.8622558594
2025-03-19 17:00:00,15580.5484781901
2025-03-19 17:15:00,15238.5263753255
2025-03-19 17:30:00,15084.9854492188
2025-03-19 17:45:00,14908.691023763
2025-03-19 18:00:00,13761.8134440104
2025-03-19 18:15:00,12901.8308186849
2025-03-19 18:30:00,12819.3948079427
2025-03-19 18:45:00,12987.5065104167
2025-03-19 19:00:00,13030.8337402344
2025-03-19 19:15:00,12902.5350260417
2025-03-19 19:30:00,12797.1434244792
2025-03-19 19:45:00,12790.2657063802
2025-03-19 20:00:00,12759.0502848307
2025-03-19 20:15:00,12569.797648112
2025-03-19 20:30:00,12467.8095947266
2025-03-19 20:45:00,12350.2934895833
2025-03-19 21:00:00,12544.5956380208
2025-03-19 21:15:00,13111.5296630859
2025-03-19 21:30:00,12998.3678710938
2025-03-19 21:45:00,12744.6002929688
2025-03-19 22:00:00,12986.9686523438
2025-03-19 22:15:00,13594.7446044922
2025-03-19 22:30:00,13514.1110921224
2025-03-19 22:45:00,13389.6008219401
2025-03-19 23:00:00,13355.9405110677
2025-03-19 23:15:00,13289.5136067708
2025-03-19 23:30:00,13111.955460612
2025-03-19 23:45:00,12996.5551839193
2025-03-20 00:00:00,12918.3769205729
2025-03-20 00:15:00,13449.7573893229
2025-03-20 00:30:00,13406.9583821615
2025-03-20 00:45:00,13341.9375244141
2025-03-20 01:00:00,13189.8866210938
2025-03-20 01:15:00,12925.7598714193
2025-03-20 01:30:00,12745.1897542318
2025-03-20 01:45:00,12614.3273844401
2025-03-20 02:00:00,12421.73984375
2025-03-20 02:15:00,12539.6619059245
2025-03-20 02:30:00,12575.2321126302
2025-03-20 02:45:00,12516.2003092448
2025-03-20 03:00:00,12279.3310058594
2025-03-20 03:15:00,12708.1503173828
2025-03-20 03:30:00,12781.1481933594
2025-03-20 03:45:00,12760.3463785807
2025-03-20 04:00:00,13020.0642740886
2025-03-20 04:15:00,13369.6240885417
2025-03-20 04:30:00,13451.865250651
2025-03-20 04:45:00,13530.8287516276
2025-03-20 05:00:00,13608.3014729818
2025-03-20 05:15:00,13786.2055257162
2025-03-20 05:30:00,13946.6682210287
2025-03-20 05:45:00,14181.5268636068
2025-03-20 06:00:00,13822.7715738932
2025-03-20 06:15:00,14173.6630126953
2025-03-20 06:30:00,14726.616414388
2025-03-20 06:45:00,15160.422273763
2025-03-20 07:00:00,15567.3512125651
2025-03-20 07:15:00,15883.1170572917
2025-03-20 07:30:00,15974.6672607422
2025-03-20 07:45:00,15790.9005208333
2025-03-20 08:00:00,15789.4405110677
2025-03-20 08:15:00,16188.3503173828
2025-03-20 08:30:00,16451.1196695964
2025-03-20 08:45:00,16667.2545898438
2025-03-20 09:00:00,16781.0220377604
2025-03-20 09:15:00,17320.2339192708
2025-03-20 09:30:00,17646.1622233073
2025-03-20 09:45:00,17799.5013671875
2025-03-20 10:00:00,17549.0996256511
2025-03-20 10:15:00,17755.0470703125
2025-03-20 10:30:00,17837.0158528646
2025-03-20 10:45:00,17951.4047851563
2025-03-20 11:00:00,17733.534781901
2025-03-20 11:15:00,17801.3010416667
2025-03-20 11:30:00,17866.0250488281
2025-03-20 11:45:00,17907.7490397136
2025-03-20 12:00:00,17701.2452799479
2025-03-20 12:15:00,17776.9008951823
2025-03-20 12:30:00,17816.3553710938
2025-03-20 12:45:00,17739.2591634115
2025-03-20 13:00:00,17643.4783040365
2025-03-20 13:15:00,17495.5434570313
2025-03-20 13:30:00,17495.7662434896
2025-03-20 13:45:00,17453.2041992188
2025-03-20 14:00:00,17263.0636881511
2025-03-20 14:15:00,17142.8366699219
2025-03-20 14:30:00,17254.5406901042
2025-03-20 14:45:00,17298.2593098958
2025-03-20 15:00:00,17346.1399739583
2025-03-20 15:15:00,17262.9761230469
2025-03-20 15:30:00,17398.6268554688
2025-03-20 15:45:00,17373.983968099
2025-03-20 16:00:00,17013.1235026042
2025-03-20 16:15:00,16620.789436849
2025-03-20 16:30:00,16245.934749349
2025-03-20 16:45:00,15894.4118245443
2025-03-20 17:00:00,15390.3394856771
2025-03-20 17:15:00,14922.7819417318
2025-03-20 17:30:00,14598.4894042969
2025-03-20 17:45:00,14388.3163736979
2025-03-20 18:00:00,13141.7046875
2025-03-20 18:15:00,12274.5293294271
2025-03-20 18:30:00,12192.6376627604
2025-03-20 18:45:00,12463.6066975912
2025-03-20 19:00:00,12444.8634521484
2025-03-20 19:15:00,12374.2733317057
2025-03-20 19:30:00,12269.3288085938
2025-03-20 19:45:00,12238.7799886068
2025-03-20 20:00:00,12256.6666259766
2025-03-20 20:15:00,12123.8804280599
2025-03-20 20:30:00,11995.6624593099
2025-03-20 20:45:00,11845.6403889974
2025-03-20 21:00:00,12054.1219156901
2025-03-20 21:15:00,12534.1182047526
2025-03-20 21:30:00,12431.1509114583
2025-03-20 21:45:00,12248.4251871745
2025-03-20 22:00:00,12455.4453694662
2025-03-20 22:15:00,13004.1389160156
2025-03-20 22:30:00,12920.8014811198
2025-03-20 22:45:00,12791.2249023438
2025-03-20 23:00:00,12778.0951416016
2025-03-20 23:15:00,12684.2592203776
2025-03-20 23:30:00,12569.8542480469
2025-03-20 23:45:00,12468.9441162109
2025-03-21 00:00:00,12509.6985677083
2025-03-21 00:15:00,12887.1354166667
2025-03-21 00:30:00,12795.4432942708
2025-03-21 00:45:00,12721.8335286458
2025-03-21 01:00:00,12544.6505859375
2025-03-21 01:15:00,12393.6082682292
2025-03-21 01:30:00,12314.0588541667
2025-03-21 01:45:00,12218.3041015625
2025-03-21 02:00:00,12055.9137369792
2025-03-21 02:15:00,12163.4294921875
2025-03-21 02:30:00,12156.5065755208
2025-03-21 02:45:00,12120.0837890625
2025-03-21 03:00:00,11928.0382161458
2025-03-21 03:15:00,12324.2421875
2025-03-21 03:30:00,12294.0050130208
2025-03-21 03:45:00,12312.3666015625
2025-03-21 04:00:00,12582.5888671875
2025-03-21 04:15:00,12889.9243489583
2025-03-21 04:30:00,12970.9541015625
2025-03-21 04:45:00,13038.7366536458
2025-03-21 05:00:00,13087.5087239583
2025-03-21 05:15:00,13299.426953125
2025-03-21 05:30:00,13533.778515625
2025-03-21 05:45:00,13747.3927734375
2025-03-21 06:00:00,13289.3236979167
2025-03-21 06:15:00,14153.4584635417
2025-03-21 06:30:00,14718.3996744792
2025-03-21 06:45:00,15236.5939453125
2025-03-21 07:00:00,15594.740234375
2025-03-21 07:15:00,15851.3958984375
2025-03-21 07:30:00,15906.3090494792
2025-03-21 07:45:00,15969.4628255208
2025-03-21 08:00:00,16040.1544921875
2025-03-21 08:15:00,16186.2384114583
2025-03-21 08:30:00,16501.3315755208
2025-03-21 08:45:00,16711.732421875
2025-03-21 09:00:00,17195.8830729167
2025-03-21 09:15:00,17502.53515625
2025-03-21 09:30:00,17523.9576822917
2025-03-21 09:45:00,17615.93125
2025-03-21 10:00:00,17339.76953125
2025-03-21 10:15:00,17586.4493489583
2025-03-21 10:30:00,17736.69609375
2025-03-21 10:45:00,17866.5393229167
2025-03-21 11:00:00,17749.7829427083
2025-03-21 11:15:00,17971.1602864583
2025-03-21 11:30:00,17967.366015625
2025-03-21 11:45:00,17724.1278645833
2025-03-21 12:00:00,17599.0553385417
2025-03-21 12:15:00,17830.5654947917
2025-03-21 12:30:00,17798.8716145833
2025-03-21 12:45:00,17871.178125
2025-03-21 13:00:00,17853.2015625
2025-03-21 13:15:00,17649.5104166667
2025-03-21 13:30:00,17648.5635416667
2025-03-21 13:45:00,17643.6440104167
2025-03-21 14:00:00,17266.4904947917
2025-03-21 14:15:00,17445.1296875
2025-03-21 14:30:00,17478.105078125
2025-03-21 14:45:00,17510.5578125
2025-03-21 15:00:00,17375.8614583333
2025-03-21 15:15:00,17515.3583333333
2025-03-21 15:30:00,17514.338671875
2025-03-21 15:45:00,17364.8700520833
2025-03-21 16:00:00,17056.3735677083
2025-03-21 16:15:00,16938.4963541667
2025-03-21 16:30:00,16386.0439453125
2025-03-21 16:45:00,16071.4873697917
2025-03-21 17:00:00,15527.3923828125
2025-03-21 17:15:00,15382.0923828125
2025-03-21 17:30:00,15192.5307942708
2025-03-21 17:45:00,15072.06484375
2025-03-21 18:00:00,13319.7225260417
2025-03-21 18:15:00,12756.9698567708
2025-03-21 18:30:00,12862.5345703125
2025-03-21 18:45:00,13041.327734375
2025-03-21 19:00:00,13045.3598307292
2025-03-21 19:15:00,12990.170703125
2025-03-21 19:30:00,12897.8675130208
2025-03-21 19:45:00,12927.3981119792
2025-03-21 20:00:00,12798.6370442708
2025-03-21 20:15:00,12685.1400390625
2025-03-21 20:30:00,12527.6440104167
2025-03-21 20:45:00,12329.6258463542
2025-03-21 21:00:00,12721.9556640625
2025-03-21 21:15:00,13136.0141276042
2025-03-21 21:30:00,13078.5038411458
2025-03-21 21:45:00,12812.2428385417
2025-03-21 22:00:00,13235.004296875
2025-03-21 22:15:00,13531.0284505208
2025-03-21 22:30:00,13363.1102864583
2025-03-21 22:45:00,13184.5841796875
2025-03-21 23:00:00,13108.3869140625
2025-03-21 23:15:00,13015.6649088542
2025-03-21 23:30:00,12867.5044270833
2025-03-21 23:45:00,12689.9570963542
2025-03-22 00:00:00,12848.64609375
2025-03-22 00:15:00,13237.2274739583
2025-03-22 00:30:00,13118.5026041667
2025-03-22 00:45:00,12988.2797526042
2025-03-22 01:00:00,12726.3090494792
2025-03-22 01:15:00,12516.1914713542
2025-03-22 01:30:00,12363.5279296875
2025-03-22 01:45:00,12283.6547526042
2025-03-22 02:00:00,12177.71640625
2025-03-22 02:15:00,12300.3263020833
2025-03-22 02:30:00,12241.2502604167
2025-03-22 02:45:00,12207.959375
2025-03-22 03:00:00,12052.2985677083
2025-03-22 03:15:00,12458.022265625
2025-03-22 03:30:00,12480.28046875
2025-03-22 03:45:00,12512.6033854167
2025-03-22 04:00:00,12800.8585286458
2025-03-22 04:15:00,13010.4042317708
2025-03-22 04:30:00,13047.106640625
2025-03-22 04:45:00,13128.6602864583
2025-03-22 05:00:00,13229.7578125
2025-03-22 05:15:00,13415.26796875
2025-03-22 05:30:00,13580.9337890625
2025-03-22 05:45:00,13741.1661458333
2025-03-22 06:00:00,13247.6158203125
2025-03-22 06:15:00,14008.796484375
2025-03-22 06:30:00,14479.4964192708
2025-03-22 06:45:00,14919.3630208333
2025-03-22 07:00:00,15195.8203776042
2025-03-22 07:15:00,15438.0471354167
2025-03-22 07:30:00,15653.5658203125
2025-03-22 07:45:00,15676.6259114583
2025-03-22 08:00:00,15761.869140625
2025-03-22 08:15:00,15904.925
2025-03-22 08:30:00,16304.6475911458
2025-03-22 08:45:00,16537.8135416667
2025-03-22 09:00:00,16977.7080729167
2025-03-22 09:15:00,17318.223828125
2025-03-22 09:30:00,17497.2145833333
2025-03-22 09:45:00,17593.722265625
2025-03-22 10:00:00,17195.4903645833
2025-03-22 10:15:00,17264.179296875
2025-03-22 10:30:00,17308.266015625
2025-03-22 10:45:00,17263.6365885417
2025-03-22 11:00:00,16960.642578125
2025-03-22 11:15:00,17105.259765625
2025-03-22 11:30:00,17263.5518229167
2025-03-22 11:45:00,17276.7424479167
2025-03-22 12:00:00,16923.2138020833
2025-03-22 12:15:00,17056.7299479167
2025-03-22 12:30:00,17194.2848958333
2025-03-22 12:45:00,17190.05546875
2025-03-22 13:00:00,17103.5442708333
2025-03-22 13:15:00,16992.558984375
2025-03-22 13:30:00,16992.4395833333
2025-03-22 13:45:00,16942.0546875
2025-03-22 14:00:00,16662.9729166667
2025-03-22 14:15:00,16765.20234375
2025-03-22 14:30:00,16780.8963541667
2025-03-22 14:45:00,16631.6623697917
2025-03-22 15:00:00,16393.34140625
2025-03-22 15:15:00,16464.6609375
2025-03-22 15:30:00,16453.8837239583
2025-03-22 15:45:00,16367.5511067708
2025-03-22 16:00:00,15884.3710286458
2025-03-22 16:15:00,15461.3145833333
2025-03-22 16:30:00,14810.6779947917
2025-03-22 16:45:00,14380.1192708333
2025-03-22 17:00:00,13876.7358072917
2025-03-22 17:15:00,13356.0364583333
2025-03-22 17:30:00,13094.6740234375
2025-03-22 17:45:00,12984.2544270833
2025-03-22 18:00:00,11417.103515625
2025-03-22 18:15:00,10939.0705078125
2025-03-22 18:30:00,11052.834375
2025-03-22 18:45:00,11088.4033854167
2025-03-22 19:00:00,11016.2498697917
2025-03-22 19:15:00,10970.760546875
2025-03-22 19:30:00,10797.1283854167
2025-03-22 19:45:00,10818.2946614583
2025-03-22 20:00:00,10703.71875
2025-03-22 20:15:00,10519.2256510417
2025-03-22 20:30:00,10410.1761067708
2025-03-22 20:45:00,10269.3682942708
2025-03-22 21:00:00,10550.2160807292
2025-03-22 21:15:00,10736.8349609375
2025-03-22 21:30:00,10645.1264973958
2025-03-22 21:45:00,10413.8431640625
2025-03-22 22:00:00,10872.851171875
2025-03-22 22:15:00,11291.37890625
2025-03-22 22:30:00,11205.6746744792
2025-03-22 22:45:00,11129.2667317708
2025-03-22 23:00:00,11031.1520833333
2025-03-22 23:15:00,10958.7174479167
2025-03-22 23:30:00,10815.6959635417
2025-03-22 23:45:00,10736.8505208333
2025-03-23 00:00:00,10778.529296875
2025-03-23 00:15:00,11114.961726888
2025-03-23 00:30:00,11023.0220214844
2025-03-23 00:45:00,10980.6396565755
2025-03-23 01:00:00,10712.1746663412
2025-03-23 01:15:00,10593.4347900391
2025-03-23 01:30:00,10568.5299479167
2025-03-23 01:45:00,10546.6179199219
2025-03-23 02:00:00,10340.8679199219
2025-03-23 02:15:00,10424.6936197917
2025-03-23 02:30:00,10365.8248209635
2025-03-23 02:45:00,10374.4847167969
2025-03-23 03:00:00,10261.3331461588
2025-03-23 03:15:00,10574.4628173828
2025-03-23 03:30:00,10612.3165852865
2025-03-23 03:45:00,10639.4383382162
2025-03-23 04:00:00,10849.4763753255
2025-03-23 04:15:00,11259.2211832682
2025-03-23 04:30:00,11318.6724609375
2025-03-23 04:45:00,11351.2167073568
2025-03-23 05:00:00,11419.3916178386
2025-03-23 05:15:00,11568.2599121094
2025-03-23 05:30:00,11717.7457845052
2025-03-23 05:45:00,11815.1875244141
2025-03-23 06:00:00,11594.8157633464
2025-03-23 06:15:00,11930.282413737
2025-03-23 06:30:00,12553.1886393229
2025-03-23 06:45:00,12864.2187744141
2025-03-23 07:00:00,13103.664469401
2025-03-23 07:15:00,13303.0002522787
2025-03-23 07:30:00,13422.8025146484
2025-03-23 07:45:00,13552.1614257813
2025-03-23 08:00:00,13645.2190429688
2025-03-23 08:15:00,13849.3094889323
2025-03-23 08:30:00,13991.6717936198
2025-03-23 08:45:00,14192.027742513
2025-03-23 09:00:00,14357.0330973307
2025-03-23 09:15:00,14639.4723388672
2025-03-23 09:30:00,14763.2569824219
2025-03-23 09:45:00,14870.2178873698
2025-03-23 10:00:00,14541.8595540365
2025-03-23 10:15:00,14457.0940999349
2025-03-23 10:30:00,14427.4387451172
2025-03-23 10:45:00,14475.0931803385
2025-03-23 11:00:00,14346.3101806641
2025-03-23 11:15:00,14323.2046468099
2025-03-23 11:30:00,14441.5930257162
2025-03-23 11:45:00,14518.0840657552
2025-03-23 12:00:00,14339.5397135417
2025-03-23 12:15:00,14424.3078857422
2025-03-23 12:30:00,14534.3740722656
2025-03-23 12:45:00,14669.9413492839
2025-03-23 13:00:00,14659.0950358073
2025-03-23 13:15:00,14803.6773111979
2025-03-23 13:30:00,14878.7919433594
2025-03-23 13:45:00,14861.2936035156
2025-03-23 14:00:00,14658.9135579427
2025-03-23 14:15:00,14644.7356363932
2025-03-23 14:30:00,14567.4637044271
2025-03-23 14:45:00,14168.9211425781
2025-03-23 15:00:00,14019.1814290365
2025-03-23 15:15:00,14041.9615641276
2025-03-23 15:30:00,14196.8129313151
2025-03-23 15:45:00,14073.1949462891
2025-03-23 16:00:00,13839.5309733073
2025-03-23 16:15:00,13516.1971110026
2025-03-23 16:30:00,13250.2690185547
2025-03-23 16:45:00,12974.3026692709
2025-03-23 17:00:00,12739.5108886719
2025-03-23 17:15:00,12576.9446370443
2025-03-23 17:30:00,12563.9919108073
2025-03-23 17:45:00,12419.8129964193
2025-03-23 18:00:00,11406.7732014974
2025-03-23 18:15:00,10765.4137369792
2025-03-23 18:30:00,10830.3588704427
2025-03-23 18:45:00,10991.957796224
2025-03-23 19:00:00,11009.7924479167
2025-03-23 19:15:00,11050.9056233724
2025-03-23 19:30:00,10934.6512207031
2025-03-23 19:45:00,10905.5138427734
2025-03-23 20:00:00,10838.3960449219
2025-03-23 20:15:00,10723.1223144531
2025-03-23 20:30:00,10583.2248535156
2025-03-23 20:45:00,10429.9697998047
2025-03-23 21:00:00,10483.2033365886
2025-03-23 21:15:00,10730.9137044271
2025-03-23 21:30:00,10639.1237060547
2025-03-23 21:45:00,10503.1473388672
2025-03-23 22:00:00,10568.1121419271
2025-03-23 22:15:00,11030.6332438151
2025-03-23 22:30:00,10898.698055013
2025-03-23 22:45:00,10727.9701497396
2025-03-23 23:00:00,10602.7259195964
2025-03-23 23:15:00,10557.0881835937
2025-03-23 23:30:00,10408.3984863281
2025-03-23 23:45:00,10258.5903971354
2025-03-24 00:00:00,10239.1777994792
2025-03-24 00:15:00,10404.1861328125
2025-03-24 00:30:00,10319.9525390625
2025-03-24 00:45:00,10257.4068359375
2025-03-24 01:00:00,10048.0564453125
2025-03-24 01:15:00,10012.6342447917
2025-03-24 01:30:00,9937.68938802083
2025-03-24 01:45:00,9906.112109375
2025-03-24 02:00:00,9721.69915364583
2025-03-24 02:15:00,9837.05865885417
2025-03-24 02:30:00,9847.11106770833
2025-03-24 02:45:00,9880.5572265625
2025-03-24 03:00:00,9845.39908854167
2025-03-24 03:15:00,10084.1050130208
2025-03-24 03:30:00,10093.043359375
2025-03-24 03:45:00,10049.7159505208
2025-03-24 04:00:00,10416.7060546875
2025-03-24 04:15:00,10711.5306640625
2025-03-24 04:30:00,10752.8472005208
2025-03-24 04:45:00,10851.7142578125
2025-03-24 05:00:00,11067.2953125
2025-03-24 05:15:00,11283.2024739583
2025-03-24 05:30:00,11470.7609375
2025-03-24 05:45:00,11651.8705078125
2025-03-24 06:00:00,11688.1321614583
2025-03-24 06:15:00,12436.7203776042
2025-03-24 06:30:00,13056.685546875
2025-03-24 06:45:00,13533.7926432292
2025-03-24 07:00:00,13989.7180338542
2025-03-24 07:15:00,14352.3758463542
2025-03-24 07:30:00,14555.4897135417
2025-03-24 07:45:00,14689.9344401042
2025-03-24 08:00:00,14881.8482421875
2025-03-24 08:15:00,14963.3836588542
2025-03-24 08:30:00,15111.7006510417
2025-03-24 08:45:00,15291.1604817708
2025-03-24 09:00:00,15572.1439453125
2025-03-24 09:15:00,15934.5908203125
2025-03-24 09:30:00,16171.8966796875
2025-03-24 09:45:00,16289.1291015625
2025-03-24 10:00:00,16016.0573567708
2025-03-24 10:15:00,16087.1768880208
2025-03-24 10:30:00,16390.647265625
2025-03-24 10:45:00,16420.3677734375
2025-03-24 11:00:00,16349.90546875
2025-03-24 11:15:00,16527.8010416667
2025-03-24 11:30:00,16656.6252604167
2025-03-24 11:45:00,16655.225390625
2025-03-24 12:00:00,16368.4873046875
2025-03-24 12:15:00,16546.0239583333
2025-03-24 12:30:00,16649.2963541667
2025-03-24 12:45:00,16675.0690104167
2025-03-24 13:00:00,16562.0002604167
2025-03-24 13:15:00,16490.727734375
2025-03-24 13:30:00,16362.1391276042
2025-03-24 13:45:00,16330.9602864583
2025-03-24 14:00:00,16067.8334635417
2025-03-24 14:15:00,16276.6977213542
2025-03-24 14:30:00,16382.2095052083
2025-03-24 14:45:00,16514.55
2025-03-24 15:00:00,16436.2059895833
2025-03-24 15:15:00,16486.4315104167
2025-03-24 15:30:00,16444.1869140625
2025-03-24 15:45:00,16269.7239583333
2025-03-24 16:00:00,15822.0157552083
2025-03-24 16:15:00,15543.3930989583
2025-03-24 16:30:00,15313.65546875
2025-03-24 16:45:00,15089.3192057292
2025-03-24 17:00:00,14577.6716145833
2025-03-24 17:15:00,14357.058203125
2025-03-24 17:30:00,14189.0097005208
2025-03-24 17:45:00,13965.0052083333
2025-03-24 18:00:00,12368.77421875
2025-03-24 18:15:00,11972.8837239583
2025-03-24 18:30:00,12153.0259114583
2025-03-24 18:45:00,12379.4494140625
2025-03-24 19:00:00,12359.6114583333
2025-03-24 19:15:00,12254.1434244792
2025-03-24 19:30:00,12168.3391927083
2025-03-24 19:45:00,12203.76875
2025-03-24 20:00:00,12092.7705729167
2025-03-24 20:15:00,12003.2550130208
2025-03-24 20:30:00,11835.4610677083
2025-03-24 20:45:00,11683.8796875
2025-03-24 21:00:00,11937.6271484375
2025-03-24 21:15:00,12176.1238932292
2025-03-24 21:30:00,12066.5225260417
2025-03-24 21:45:00,11817.6535807292
2025-03-24 22:00:00,12175.16484375
2025-03-24 22:15:00,12398.5166666667
2025-03-24 22:30:00,12195.0091145833
2025-03-24 22:45:00,12043.2395833333
2025-03-24 23:00:00,11955.385546875
2025-03-24 23:15:00,11889.813671875
2025-03-24 23:30:00,11682.8356119792
2025-03-24 23:45:00,11551.258203125
